Sales,Customer Name,Commodity,HS Code,,,,,,,,,,,,,,,,,,,,,,,
P'POK,MITSUBISHI HEAVY INDUSTRIES,AIR CONDITIONER PARTS,841510,,,,,,,,,,,,,,,,,,,,,,,
P'POK,SUMITOMO RUBBER,NEW TYRES,401111,,,,,,,,,,,,,,,,,,,,,,,
NUNG,ASAHI-THAI ALLOY,STEEL/IRON/STAINLESS/METAL PRODUCTS,848180,,,,,,,,,,,,,,,,,,,,,,,
NUNG,ASIA DRINK,FISHING NET,560790,,,,,,,,,,,,,,,,,,,,,,,
NUNG,ASIA FISHERY INDUSTRY,FISHING NET,560790,,,,,,,,,,,,,,,,,,,,,,,
NUNG,ADITYA BIRLA CHEMICALS (THAILAND) LTD. (ADVANCED MATERIALS),"RESIN (PE,PP,PVC,VINYL)",390730000,,,,,,,,,,,,,,,,,,,,,,,
NUNG,ADITYA BIRLA CHEMICALS (THAILAND) LTD. (SULPHITES DIVISION),CHEMICAL ( NON HAZARDOUS) (SULPHITES),283210,,,,,,,,,,,,,,,,,,,,,,,
NUNG,ADITYA BIRLA CHEMICALS (THAILAND) LTD. (PHOSPHATES DIVISION),CHEMICAL ( NON HAZARDOUS) (PHOSPHATES),283531,,,,,,,,,,,,,,,,,,,,,,,
NUNG,"AMATA INTEER AUTO CO.,LTD.",CAR BUMPER,870810,,?,,,,,,,,,,,,,,,,,,,,,
NUNG,BIRLA CARBON,RUBBER PRODUCTS (CARBON BLACK),28030041,,,,,,,,,,,,,,,,,,,,,,,
NUNG,DOUBLE A,PRINTED MATERIAL & PAPER PRODUCT,480256,,,,,,,,,,,,,,,,,,,,,,,
NUNG,EVONIK UNITED SILICA (SIAM) LTD.,SILICA,281122,,,,,,,,,,,,,,,,,,,,,,,
NUNG,INOUE RUBBER (THAILAND),RUBBER PRODUCTS,401140,,,,,,,,,,,,,,,,,,,,,,,
NUNG,INDO-THAI SYNTHETICS,FIBER AND YARN,55033000,,,,,,,,,,,,,,,,,,,,,,,
NUNG,LION CORPORATION(THAILAND) LIMITED.,DISHWASHING LIQUID/Baby Powder,34022095/34013000,,,,,,,,,,,,,,,,,,,,,,,
NUNG,"PAP PROSPERITY CO.,LTD.",AUTO PARTS,87049010,,,,,,,,,,,,,,,,,,,,,,,
NUNG,"PR PRIME SUPPLY CO.,LTD",AUTO PARTS,87049010,,,,,,,,,,,,,,,,,,,,,,,
NUNG,PTT PHENOL COMPANY LIMITED,BISPHENOL-A,29072300,,,,,,,,,,,,,,,,,,,,,,,
NUNG,SOUTHEAST ASIAN PACKAGING AND CANNING,CANNED FOOD,160414,,,,,,,,,,,,,,,,,,,,,,,
NUNG,"THAI MULTI PRODUCTS INTERNATIONAL CO.,LTD.",FIBER AND YARN,550510,,,,,,,,,,,,,,,,,,,,,,,
NUNG,THAI PRESIDENT FOODS PUBLIC,FOODSTUFFS,19023010,,,,,,,,,,,,,,,,,,,,,,,
NUNG,THAI ACRYLIC FIBRE,ACRYLIC FIBRE,55033000,,,,,,,,,,,,,,,,,,,,,,,
NUNG,THAI ACRYLIC FIBRE,ACRYLIC TOW,55013000,,,,,,,,,,,,,,,,,,,,,,,
NUNG,THAI ACRYLIC FIBRE,ACRYLIC WASTE,55051000,,,,,,,,,,,,,,,,,,,,,,,
NUNG,THAI RAYON PUBLIC COMPANY LTD.,FIBER AND YARN / VISCOSE STAPLE FIBRE,550410,,,,,,,,,,,,,,,,,,,,,,,
NUNG,TFC PLASTECH,ELECTRONIC GOODS,,,,,,,,,,,,,,,,,,,,,,,,
JIP,EAM HENG LONG RICE MILL (SARABURI),RICE,100630,,,,,,,,,,,,,,,,,,,,,,,
JIP,"Fleet Engineering co.,ltd.",AUTO PARTS,,,,,,,,,,,,,,,,,,,,,,,,
JIP,INTERNATIONAL RICE AND PRODUCT,RICE,100630,,,,,,,,,,,,,,,,,,,,,,,
JIP,I-TAIL CORPORATION PUBLIC COMPANY LIMITED,CANNED FOOD,,,,,,,,,,,,,,,,,,,,,,,,
JIP,LENSO WHEEL,ALLOY WHEEL,870870,,,,,,,,,,,,,,,,,,,,,,,
JIP,MMP CORPORATION,PLASTIC FILM,392010,,,,,,,,,,,,,,,,,,,,,,,
JIP,NEWLY WEDS FOODS (THAILAND) LIMITED,STARCH (JAPANESE STYLE BREADCRUMBS),19019099(STARCH)/19059090(BREADCRUMB)/21039090(SAUCE),,,,,,,,,,,,,,,,,,,,,,,
JIP,"OKEANOS FOOD CO.,LTD.",FROZEN SHRIMP,160520/03061792,,,,,,,,,,,,,,,,,,,,,,,
JIP,"PACIFIC CONTAINERBAG CO., LTD.",PLASTIC BAG,630533,,,,,,,,,,,,,,,,,,,,,,,
JIP,"PAKFOOD PUBLIC CO.,LTD.",FROZEN SHRIMP,160520,,,,,,,,,,,,,,,,,,,,,,,
JIP,"RUIHUA IMPORT EXPORT CO., LTD",ORGANIC FRESH GINGER,091011,,,,,,,,,,,,,,,,,,,,,,,
JIP,"SIAM FRESH ENTERPRISE CO.,LTD.",FRESH FRUIT,,,,,,,,,,,,,,,,,,,,,,,,
JIP,"SIAM YAMATO STEEL CO., LTD.",STEEL/IRON/STAINLESS/METAL PRODUCTS,721633,,,,,,,,,,,,,,,,,,,,,,,
JIP,THAI FOOD,FROZEN CHICKEN,160232900,,,,,,,,,,,,,,,,,,,,,,,
JIP,THAI UNION MANUFACTURING,CANNED FOOD,160414,,,,,,,,,,,,,,,,,,,,,,,
JIP,THAI UNION GROUP PUBLIC COMPANY LIMITED,CANNED FOOD,160529,,,,,,,,,,,,,,,,,,,,,,,
JIP,THAI UNION SEAFOOD COMPANY LIMITED ,FROZEN SHRIMP,03061792,,,,,,,,,,,,,,,,,,,,,,,
AKE,ARCELIK HITACHI HOME APPLIANCES (THAILAND) LTD.,REFRIGERATOR,841800,,,,,,,,,,,,,,,,,,,,,,,
AKE,"AJINOMOTO BETAGRO FROZEN FOODS (THAILAND) CO., LTD.",FROZEN FRESH CHICKEN,021099,,,,,,,,,,,,,,,,,,,,,,,
AKE,"AJINOMOTO BETAGRO FROZEN FOODS (THAILAND) CO., LTD.",FROZEN COOKED CHICKEN MEAT,160232,,,,,,,,,,,,,,,,,,,,,,,
AKE,"AJINOMOTO BETAGRO SPECIALTY FOODS CO., LTD.",FROZEN FRESH CHICKEN,021099,,,,,,,,,,,,,,,,,,,,,,,
AKE,"AJINOMOTO BETAGRO SPECIALTY FOODS CO., LTD.",FROZEN COOKED CHICKEN MEAT,160232,,,,,,,,,,,,,,,,,,,,,,,
AKE,B.FOOD PRODUCT,FROZEN CHICKEN,160232,,,,,,,,,,,,,,,,,,,,,,,
AKE,"BETAGRO MF DELI CO., LTD.",FROZEN CHICKEN,160232,,,,,,,,,,,,,,,,,,,,,,,
AKE,BETTER FOOD,FROZEN CHICKEN,160232,,,,,,,,,,,,,,,,,,,,,,,
AKE,BETTER FOOD,FRESH HEN'S EGG,04070091,,,,,,,,,,,,,,,,,,,,,,,
AKE,"CHOCKSAMUT MARINE CO.,LTD.",FROZEN SEAFOOD,160521,,,,,,,,,,,,,,,,,,,,,,,
AKE,CHEEVA RICE COMPANY LIMITED,RICE,100630,,,,,,,,,,,,,,,,,,,,,,,
AKE,FORTUNE PART,AUTO PARTS,870829,,,,,,,,,,,,,,,,,,,,,,,
AKE,GC-M PTA,PLASTIC RESIN,291736,,,,,,,,,,,,,,,,,,,,,,,
AKE,GRACE FOOD COMPANY LIMITED,FROZEN VEGETABLE,71022,,,,,,,,,,,,,,,,,,,,,,,
AKE,HAIER ELECTRIC (THAILAND) PUBLIC COMPANY LIMITED,ELECTRONIC GOODS,841810,,,,,,,,,,,,,,,,,,,,,,,
AKE,HIANG SENG FIBRE CONTAINER COMPANY LIMITED,PAPER KRAFT,480519,,,,,,,,,,,,,,,,,,,,,,,
AKE,KAONA POULTRY,FROZEN CHICKEN,160232,,,,,,,,,,,,,,,,,,,,,,,
AKE,"MAHAKIT RUBBER CO., LTD.",RUBBER PRODUCTS,401699,,,,,,,,,,,,,,,,,,,,,,,
AKE,MCKEY FOODS SERVICES,FROZEN CHICKEN,160232,,,,,,,,,,,,,,,,,,,,,,,
AKE,MARINE GOLD PRODUCT,FROZEN SEAFOOD,160529,,,,,,,,,,,,,,,,,,,,,,,
AKE,"PACIFIC MARINE FOOD PRODUCTS CO.,LTD",FROZEN CHICKEN,160232,,,,,,,,,,,,,,,,,,,,,,,
AKE,"PANJAPOL PAPER INDUSTRY CO.,LTD.",PAPER KRAFT,48043100,,,,,,,,,,,,,,,,,,,,,,,
AKE,SIAMCHAI INTERNATIONAL,FROZEN SEAFOOD,"030749, 030799",,,,,,,,,,,,,,,,,,,,,,,
AKE,SURAPON NICHIREI FOOD,FROZEN CHICKEN,160232,,,,,,,,,,,,,,,,,,,,,,,
AKE,THAI SEKISUI FOAM,THERMOBREAK PE FOAM,392119,,,,,,,,,,,,,,,,,,,,,,,
AKE,"The Siam Industrial Wire Co., Ltd.",WIRE PC STRAND,731210,,,,,,,,,,,,,,,,,,,,,,,
MEEN,AMPOL FOOD PROCESSING COMPANY LIMITED,FOODSTUFFS,,,,,,,,,,,,,,,,,,,,,,,,
MEEN,BANGKOK RANCH PUBLIC COMPANY LIMITED,FROZEN DUCK,02074590,,,,,,,,,,,,,,,,,,,,,,,
MEEN,BG CONTAINER GLASS PUBLIC,GLASS & GLASS PRODUCTS,701090,,,,,,,,,,,,,,,,,,,,,,,
MEEN,BUONO (THAILAND) PUBLIC COMPANY LIMITED,FROZEN DESSERT,21050000,,,,,,,,,,,,,,,,,,,,,,,
MEEN,CANTAGO / SKY FOOD,FROZEN CHICKEN,160232,,,,,,,,,,,,,,,,,,,,,,,
MEEN,CHIANGMAI FROZEN FOODS PUBLIC,FROZEN SWEET CORN KERNELS,071040,,,,,,,,,,,,,,,,,,,,,,,
MEEN,CHIANGMAI FROZEN FOODS PUBLIC,FROZEN SOY BEANS,071029,,,,,,,,,,,,,,,,,,,,,,,
MEEN,"CHUA HAH SENG FOOD PRODUCT CO., LTD.",FOODSTUFFS,210390,,,,,,,,,,,,,,,,,,,,,,,
MEEN,GFPT NICHIREI (THAILAND) COMPANY LIMITED,FROZEN CHICKEN,160232,,,,,,,,,,,,,,,,,,,,,,,
MEEN,GLOBO FOODS LTD.,FOODSTUFFS,,,,,,,,,,,,,,,,,,,,,,,,
MEEN,"GOLDEN PRIZE CANNING CO., LTD.",CANNED GOODS,16041400,,,,,,,,,,,,,,,,,,,,,,,
MEEN,"H.V. PLAS CO.,LTD.",PVC PRODUCTS,39181019,,,,,,,,,,,,,,,,,,,,,,,
MEEN,"LUCKY UNION FOODS CO.,LTD.",FROZEN IMITATION CRABMEAT,160420,,,,,,,,,,,,,,,,,,,,,,,
MEEN,MAS CHOICES CORPORATION LTD,CANNED FOOD,,,,,,,,,,,,,,,,,,,,,,,,
MEEN,MANORA FOOD INDUSTRY,FOODSTUFFS,19021130,,,,,,,,,,,,,,,,,,,,,,,
MEEN,NORTHEAST RUBBER PUBLIC COMPANY LIMITED,RUBBER PRODUCTS,Mixtures Rubber: 400280 / Rubber Bale: 400121,,,,,,,,,,,,,,,,,,,,,,,
MEEN,"S.P.A. INTERNATIONAL FOOD GROUP CO.,LTD.",CANNED FOOD,160414,,,,,,,,,,,,,,,,,,,,,,,
MEEN,"SIAM RISO WOOD PRODUCTS CO.,LTD.",PARTICLE BOARD,4410,,,,,,,,,,,,,,,,,,,,,,,
MEEN,"TANG SANG HAH CO.,LTD.",FISH SAUCE,,,,,,,,,,,,,,,,,,,,,,,,
MEEN,THEPPADUNGPORN COCONUT,FOODSTUFFS,21069,,,,,,,,,,,,,,,,,,,,,,,
MEEN,TD INTER SUPPLIES,MUNG BEAN VERMICELLI,190219,,,,,,,,,,,,,,,,,,,,,,,
MEEN,TD INTER SUPPLIES,"CANNED PALM'S SEED (ATTAP) IN HEAVY SYRUP""X.O""/ TAMARIND WITH SUGAR & CHILLI ""X.O""",200899,,,,,,,,,,,,,,,,,,,,,,,
MEEN,TD INTER SUPPLIES,"PICKLED PINK GINGER (SLICES) ""X.O""",200190,,,,,,,,,,,,,,,,,,,,,,,
MEEN,TD INTER SUPPLIES,"DRIED RED CHILLI W/O STEM (SMALL //YOD-SON)""X.O""",090422,,,,,,,,,,,,,,,,,,,,,,,
MEEN,TD INTER SUPPLIES,"CHILLI PASTE WITH HOLY/SWEET BASIL LEAVES ""X.O""/ OYSTER SAUCE (EXPORT LABEL) ""MAEKRUA""",210390,,,,,,,,,,,,,,,,,,,,,,,
MEEN,TD INTER SUPPLIES,"WHITE TAPIOCA PEARL (LARGE) ""X.O""",190300,,,,,,,,,,,,,,,,,,,,,,,
MEEN,TD INTER SUPPLIES,"RICE FLOUR (POLY BAG)""X.O""",110290,,,,,,,,,,,,,,,,,,,,,,,
MEEN,TD INTER SUPPLIES,"MONOSODIUM GLUTAMATE ""AJI-NO-MOTO""",292242,,,,,,,,,,,,,,,,,,,,,,,
MEEN,"THAI HA PUBLIC CO.,LTD",RICE,,,,,,,,,,,,,,,,,,,,,,,,
MEEN,"THAI SUMMIT MARKETING CO., LTD.",FROZEN CHICKEN,020714,,,,,,,,,,,,,,,,,,,,,,,
MEEN,THAI WAH PUBLIC COMPANY LIMITED,TAPIOCA STARCH,,,,,,,,,,,,,,,,,,,,,,,,
MEEN,TOUMI INTERTRADE COMPANY LIMITED,RICE,100630,,,,,,,,,,,,,,,,,,,,,,,
MEEN,TPI POLENE PUBLIC COMPANY LIMITED,FIBER CEMENT BOARD,681182,,,,,,,,,,,,,,,,,,,,,,,
MEEN,UNICORD PUBLIC COMPANY LIMITED,CANNED PET FOODS,230910,,,,,,,,,,,,,,,,,,,,,,,
MEEN,VANEDA FOODS,FROZEN CHICKEN,271499,,,,,,,,,,,,,,,,,,,,,,,
MEEN,YAN WAL YUN CORPORATION GROUP,FOODSTUFFS,,,,,,,,,,,,,,,,,,,,,,,,
FEWW,BIRLA CARBON,RUBBER PRODUCTS (CARBON BLACK),28030041,,,,,,,,,,,,,,,,,,,,,,,
FEWW,CHEF'S CHOICE FOODS MANUFACTURER,FROZEN COCONUT MILK,210690,,,,,,,,,,,,,,,,,,,,,,,
FEWW,CHEF'S CHOICE FOODS MANUFACTURER,FROZEN LYCHEE,81190,,,,,,,,,,,,,,,,,,,,,,,
FEWW,DOUBLE A (1991) PUBLIC COMPANY LIMITED,PRINTED MATERIAL & PAPER PRODUCT,480256,,,,,,,,,,,,,,,,,,,,,,,
FEWW,HERBA BANGKOK SOCIEDAD LIMITADA,RICE,100630,,,,,,,,,,,,,,,,,,,,,,,
FEWW,KANG YONG ELECTRIC PUBLIC,ELECTRONIC GOODS,,,,,,,,,,,,,,,,,,,,,,,,
FEWW,KEW (THAILAND) LIMITED,ELECTRONIC GOODS,,,,,,,,,,,,,,,,,,,,,,,,
FEWW,KUIBURI FRUIT CANNING,CANNED FOOD,,,,,,,,,,,,,,,,,,,,,,,,
FEWW,KHON KAEN FISHING NET FACTORY,FISHING NET,,,,,,,,,,,,,,,,,,,,,,,,
FEWW,KYB Asian Pacific Corporation Limited,AUTO PARTS,870880,,,,,,,,,,,,,,,,,,,,,,,
FEWW,ORIENTAL COPPER,COPPER,7407100,,,,,,,,,,,,,,,,,,,,,,,
FEWW,OJI LABEL,PRINTED MATERIAL & PAPER PRODUCT,48092000,,,,,,,,,,,,,,,,,,,,,,,
FEWW,OJI PAPER,PRINTED MATERIAL & PAPER PRODUCT,48092000,,,,,,,,,,,,,,,,,,,,,,,
FEWW,PATAYA FOOD INDUSTRIES LTD.,CANNED FOOD ,,,,,,,,,,,,,,,,,,,,,,,,
FEWW,PQ CHEMICALS (THAILAND) LIMITED,SODIUM ALUMINO SILICATE,284210,,,,,,,,,,,,,,,,,,,,,,,
FEWW,Sappe Public Company Limited,FRUIT JUICE,220299,,,,,,,,,,,,,,,,,,,,,,,
FEWW,SURASIRI,PRINTED MATERIAL & PAPER PRODUCT,48092000,,,,,,,,,,,,,,,,,,,,,,,
FEWW,SEA-TECH INTERTRADE,FROZEN SEAFOOD,,,,,,,,,,,,,,,,,,,,,,,,
FEWW,SIAM COMPRESSOR INDUSTRY,AUTO AIR-CONDITIONING PARTS,841590,,,,,,,,,,,,,,,,,,,,,,,
FEWW,"Solmax Geosynthetics Co., Ltd.",PLASTIC & MELAMINE PRODUCTS,HDPE SHEET: 39201000 / HDPE WELDING ROD: 39161000,,,,,,,,,,,,,,,,,,,,,,,
FEWW,"SURAPON FOODS PUBLIC CO.,LTD.",FROZEN CHICKEN,160232,,,,,,,,,,,,,,,,,,,,,,,
FEWW,SURAPON SUPREME FOODS,FROZEN CHICKEN,160232,,,,,,,,,,,,,,,,,,,,,,,
FEWW,SURAT SEAFOODS,FROZEN SEAFOOD,160529,,,,,,,,,,,,,,,,,,,,,,,
FEWW,"TAKERNG PINEAPPLE INDUSTRIAL CO.,LTD.",CANNED FOOD,,,,,,,,,,,,,,,,,,,,,,,,
FEWW,THAIPLY VENEER & PANEL INDUSTRY CO.LTD,MDF BOARD,441114,,,,,,,,,,,,,,,,,,,,,,,
FEWW,TROPICAL PREMIER FOODS,CANNED FOOD,,,,,,,,,,,,,,,,,,,,,,,,
FEWW,UNIVERSAL FOOD PUBLIC,CANNED GOODS,200599,,,,,,,,,,,,,,,,,,,,,,,
FEWW,VANDAPAC COMPANY LIMITED.,CAR ACCESSORIES,87082919,,,,,,,,,,,,,,,,,,,,,,,
FEWW,VARAVOOT INDUSTRY,MODIFIED STARCH,,,,,,,,,,,,,,,,,,,,,,,,
FEWW,"Y.T. RUBBER CO.LTD.,",RUBBER PRODUCTS,400122,,,,,,,,,,,,,,,,,,,,,,,
PAE,ASIA GOLDEN RICE,RICE,100630,,,,,,,,,,,,,,,,,,,,,,,
PAE,DAIKIN TRADING (THAILAND) LTD.,AIR CONDITIONERS,841590,,,,,,,,,,,,,,,,,,,,,,,
PAE,DOUBLE A,PRINTED MATERIAL & PAPER PRODUCT,480256,,,,,,,,,,,,,,,,,,,,,,,
PAE,GREEN SPOT,FOODSTUFFS,22029920,,,,,,,,,,,,,,,,,,,,,,,
PAE,"KJ WORLD FOOD CO.,LTD.",RICE,100630,,,,,,,,,,,,,,,,,,,,,,,
PAE,NR Instant Produce Public Company Limited,FOODSTUFFS,210390,,,,,,,,,,,,,,,,,,,,,,,
PAE,"OTANI RADIAL CO., LTD.",RADIAL TIRE,401120,,,,,,,,,,,,,,,,,,,,,,,
PAE,OTANI TIRE,RADIAL TIRE,401120,,,,,,,,,,,,,,,,,,,,,,,
PAE,PV WOOD COMPANY LIMITED,MDF BOARD,,,,,,,,,,,,,,,,,,,,,,,,
PAE,"STAMFORD SPORT WHEELS CO.,LTD.",ALLOY WHEEL,870870,,,,,,,,,,,,,,,,,,,,,,,
PAE,SUPER GRIP,PLASTIC BAG,392321,,,,,,,,,,,,,,,,,,,,,,,
PAE,THAI GRIPTECH,PLASTIC BAG,392321,,,,,,,,,,,,,,,,,,,,,,,
PAE,THAI COMMODITIES,FOODSTUFFS,91099,,,,,,,,,,,,,,,,,,,,,,,
PAE,THAI GRANLUX INTERNATIONAL RICE,RICE,100630,,,,,,,,,,,,,,,,,,,,,,,
PAE,VANACHAI GROUP PUBLIC COMPANY LIMITED,MDF BOARD,441114,,,,,,,,,,,,,,,,,,,,,,,
PAE,"VANACHAI PANEL INDUSTRIES CO.,LTD.",MDF BOARD,441114,,,,,,,,,,,,,,,,,,,,,,,
PAE,VEE RUBBER CORPORATION,TIRES RUBBER,401110,,,,,,,,,,,,,,,,,,,,,,,
BOAT,BIS PIPE FITTING INDUSTRY,MARLEABLE IRON PIPE FITTINGS,730719,,,,,,,,,,,,,,,,,,,,,,,
BOAT,"Jongstit Co., Ltd",YARN / NYLON / POLYESTER,550320,,,,,,,,,,,,,,,,,,,,,,,
BOAT,KORN THAI,NON DAILY CREME,21069030,,,,,,,,,,,,,,,,,,,,,,,
BOAT,KORN THAI,"INSTANT GINGER BEVERAGE MIX,COCONUT MILK POWDER",21069099,,,,,,,,,,,,,,,,,,,,,,,
BOAT,KORN THAI,HONEY POWDER,17029020,,,,,,,,,,,,,,,,,,,,,,,
BOAT,POLYPLEX,PLASTIC FILM,392062,,,,,,,,,,,,,,,,,,,,,,,
BOAT,POLYPLEX,POLYETHYLENE,39012000,,,,,,,,,,,,,,,,,,,,,,,
BOAT,RUBBER INTERTRADE,AUTO SPARE PARTS,87089999,,,,,,,,,,,,,,,,,,,,,,,
BOAT,THAI POLYESTER,YARN / NYLON / POLYESTER,550320,,,,,,,,,,,,,,,,,,,,,,,
NUT,BANGSUE CHIA MENG RICE MILL,RICE,100630,,,,,,,,,,,,,,,,,,,,,,,
NUT,BERLI JUCKER LOGISTICS LIMITED,HYGIENE&PERSONAL CARE PRODUCTS&COSMETICS,,,,,,,,,,,,,,,,,,,,,,,,
NUT,CAPITAL CEREALS,RICE,100630,,,,,,,,,,,,,,,,,,,,,,,
NUT,GREEN PANEL COMPANY LIMITED ,MDF BOARD,,,,,,,,,,,,,,,,,,,,,,,,
NUT,IRPC PUBLIC COMPANY LIMITED,WAX / POLYETHYLENE,390120,,,,,,,,,,,,,,,,,,,,,,,
NUT,"KRUNGSIAM BEVERAGE CO.,LTD.","BEVERAGE, SPIRITS AND VINEGAR",220299,,,,,,,,,,,,,,,,,,,,,,,
NUT,"PHOENIX PULP AND PAPER (PUBLIC) CO.,LTD.",PAPER KRAFT,,,,,,,,,,,,,,,,,,,,,,,,
NUT,PONGLARP,RICE,10063099,,,,,,,,,,,,,,,,,,,,,,,
NUT,"RATTANAJAK BUSINESS CO.,LTD.","BEVERAGE, SPIRITS AND VINEGAR",220299,,,,,,,,,,,,,,,,,,,,,,,
NUT,S.KIJCHAI ENTERPRISE PUBLIC COMPANY LIMITED,MDF BOARD,,,,,,,,,,,,,,,,,,,,,,,,
NUT,"Siam Kraft Industry Co., Ltd.",PAPER KRAFT,"48059190, 48059290",,,,,,,,,,,,,,,,,,,,,,,
NUT,SRI TRANG GLOVES (THAILAND) PUBLIC COMPANY LIMITED,LATEX GLOVES,401511,,,,,,,,,,,,,,,,,,,,,,,
NUT,SCG ICO POLYMERS COMPANY LIMITED,PLASTIC RESIN,291736,,,,,,,,,,,,,,,,,,,,,,,
NUT,SAHAMITR,EMPTY CYLINDER(Gas Tank),732181,,,,,,,,,,,,,,,,,,,,,,,
NUT,HMC POLYMERS,"RESIN (PE,PP,PVC,VINYL)",39021040,,,,,,,,,,,,,,,,,,,,,,,
NUT,Thai Paper Company Limited,PAPER KRAFT ,,,,,,,,,,,,,,,,,,,,,,,,
NUT,THAI POLYETHYLENE,POLYETHYLENE / PLASTIC RESIN,390120,,,,,,,,,,,,,,,,,,,,,,,
NUT,THAI POLYETHYLENE,HIGH DENSITY POLYETHYLENE RESIN,390120,,,,,,,,,,,,,,,,,,,,,,,
NUT,THAI POLYETHYLENE,POLYPROPYLENE COPOLYMER RESIN,390230,,,,,,,,,,,,,,,,,,,,,,,
NUT,WISEWOODS COMPANY LIMITED,MDF BOARD,"44111200, 44111300",,,,,,,,,,,,,,,,,,,,,,,
JOM,"BETTA LATEX INTERNATIONAL CO.,LTD",LATEX,400110,,,,,,,,,,,,,,,,,,,,,,,
JOM,D.A. PACKAGING COMPANY LIMITED,PRINTED MATERIAL & PAPER PRODUCT,,,,,,,,,,,,,,,,,,,,,,,,
JOM,DEXON CORPORATION LIMITED,RUBBER PRODUCTS,400700,,,,,,,,,,,,,,,,,,,,,,,
JOM,DOUBLE A,PRINTED MATERIAL & PAPER PRODUCT,480256,,,,,,,,,,,,,,,,,,,,,,,
JOM,GENERAL STARCH LIMITED,MODIFIED STARCH,350510,,,,,,,,,,,,,,,,,,,,,,,
JOM,JSY LATEX PRODUCTS (THAILAND),LATEX PILLOW,940490,,,,,,,,,,,,,,,,,,,,,,,
JOM,JSY LATEX PRODUCTS (THAILAND),LATEX MATTRESS,940421,,,,,,,,,,,,,,,,,,,,,,,
JOM,"KONOIKE ASIA (THAILAND) CO., LTD.",CATALYST OF DESULFURIZATION REACTION,381519,,,,,,,,,,,,,,,,,,,,,,,
JOM,LONGTEX RUBBER INDUSTRY,RUBBER PRODUCTS,400700,,,,,,,,,,,,,,,,,,,,,,,
JOM,"Natural Supply 2000 Co., Ltd.",TAPIOCA STARCH,,,,,,,,,,,,,,,,,,,,,,,,
JOM,OSOTSPA PUBLIC COMPANY LIMITED,ENERGY DRINK,22029990,,,,,,,,,,,,,,,,,,,,,,,
JOM,SANGUAN WONSGE STARCH,TAPIOCA STARCH,350510,,,,,,,,,,,,,,,,,,,,,,,
JOM,"SONISH STARCH TECHNOLOGY CO., LTD",PRINTED MATERIAL & PAPER PRODUCT,,,,,,,,,,,,,,,,,,,,,,,,
JOM,"THAI GYPSUM PRODUCTS PUBLIC CO., LTD.",GYPSUM BOARD,6809.11.00,,,,,,,,,,,,,,,,,,,,,,,
JOM,,GYPSUM BOARD (GYPROC REGULAR/WEBER FIBER MESH),6809.11.00,,,,,,,,,,,,,,,,,,,,,,,
JOM,"THAI GYPSUM PRODUCTS PUBLIC CO., LTD.",ACCESSORIES ,7318.29.90,,,,,,,,,,,,,,,,,,,,,,,
JOM,"THAI GYPSUM PRODUCTS PUBLIC CO., LTD.",GYPROC REGULAR & WEBER FIBER MESH,6809.11.00,,,,,,,,,,,,,,,,,,,,,,,
JOM,"THAI GYPSUM PRODUCTS PUBLIC CO., LTD.",ACCESSORIES (GYPROC DRYWALL SCREW),7318.29.90,,,,,,,,,,,,,,,,,,,,,,,
JOM,"THAI POULTRY GROUP CO., LTD",FROZEN CHICKEN,,,,,,,,,,,,,,,,,,,,,,,,
JOM,"TOUNETSU THAI CO.,LTD. ",MACHINERY & EQUIPMENT,851430,,,,,,,,,,,,,,,,,,,,,,,
JOM,"SIAM DANDY CO.,LTD",WHISKY,220830,,,,,,,,,,,,,,,,,,,,,,,
PATTY,"BTRADE CENTRE CO.,LTD.",SPARE PARTS OF AIR CONDITIONER,84159019,,,,,,,,,,,,,,,,,,,,,,,
PATTY,Laemthong Food Products Company Limited,FROZEN CHICKEN,160232,,,,,,,,,,,,,,,,,,,,,,,
PATTY,"Laemthong Poultry Co., Ltd.",FROZEN CHICKEN,160232,,,,,,,,,,,,,,,,,,,,,,,
PATTY,"MAXXIS INTERNATIONAL (THAILAND) CO.,LTD.",TYRE,"401110.00,4011.20.11",,,,,,,,,,,,,,,,,,,,,,,
PATTY,"MITR SUPHAN RICE CO.,LTD.",RICE,,,,,,,,,,,,,,,,,,,,,,,,
PATTY,Olam (Thailand) Limited,RICE,100630,,,,,,,,,,,,,,,,,,,,,,,
PATTY,ON-GREEN PRODUCES COMPANY LIMITED,CANNED GOODS,,,,,,,,,,,,,,,,,,,,,,,,
PATTY,"OSC SIAM SILICA CO., LTD. (HEAD OFFICE)",SILICA,281122,,,,,,,,,,,,,,,,,,,,,,,
PATTY,Riceland international ltd.,RICE,100630,,,,,,,,,,,,,,,,,,,,,,,
PATTY,SAHA PATHANAPIBUL PLC.,CANNED FOOD,160415,,,,,,,,,,,,,,,,,,,,,,,
PATTY,"TAKEE 1950 CO.,LTD.",SAUCE,,,,,,,,,,,,,,,,,,,,,,,,
PATTY,"THAI FLOUR INDUSTRY CO.,LTD.",GLUTINOUS RICE,110290,,,,,,,,,,,,,,,,,,,,,,,
PATTY,"TIPCO F&B CO.,LTD.",FRUIT JUICE,,,,,,,,,,,,,,,,,,,,,,,,
PATTY,"TPK ABSOLUTE STARCH CO., LTD. ",STARCH,,,,,,,,,,,,,,,,,,,,,,,,
PATTY,"LENSO WHEEL CO.,LTD.",ALLOY WHEEL,870870,,,,,,,,,,,,,,,,,,,,,,,
GING,"TANASAN RICE CO.,LTD.",RICE,100630,,,,,,,,,,,,,,,,,,,,,,,
GING,THAI AGRI FOODS,,,,,,,,,,,,,,,,,,,,,,,,,
GING,THAI AGRI FOODS,CANNED FOOD,210390,,,,,,,,,,,,,,,,,,,,,,,
GING,"MARINA CENTRE CO.,LTD.",RICE,100630,,,,,,,,,,,,,,,,,,,,,,,
GING,NR INSTANT PRODUCE PUBLIC COMPANY LIMITED,FOODSTUFF,210390,,,,,,,,,,,,,,,,,,,,,,,
GING,"SIAM GOLDEN RICE CO.,LTD.",RICE,100630,,,,,,,,,,,,,,,,,,,,,,,
GING,THAI AGRI FOODS,CANNED MANGO DRINK,220210,,,,,,,,,,,,,,,,,,,,,,,
GING,"The Siam Industrial Wire Co., Ltd.",P.C. STRANDED WIRES,73121091,,,,,,,,,,,,,,,,,,,,,,,
GING,AGC Viny Thai,POLY /VINYL,390410,,,,,,,,,,,,,,,,,,,,,,,
GING,AGC VINYTHAI PUBLIC COMPANY LIMITED,POTASSIUM CARBONATE 99PCT MIN ,283640,,,,,,,,,,,,,,,,,,,,,,,
GING,SHERA PUBLIC COMPANY LIMITED,FIBRE CEMENT PRODUCTS,681182,,,,,,,,,,,,,,,,,,,,,,,
BD,"348 DECOR CO., LTD. ",FAUX LEATHER,,,,,,,,,,,,,,,,,,,,,,,,
BD,"SPAKITS CO.,LTD.",SPA PRODUCTS,610822,,,,,,,,,,,,,,,,,,,,,,,
BD,"ABD KHAN CO., LTD.",CANNED FOOD,160414,,,,,,,,,,,,,,,,,,,,,,,
BD,"ADVANCE FIBER CO.,LTD.",MDF BOARD,,,,,,,,,,,,,,,,,,,,,,,,
BD,"ADEKA FINE CHEMICAL (THAILAND) CO.,LTD",PLASTICIZER,,,,,,,,,,,,,,,,,,,,,,,,
BD,"AEROFLEX CO.,LTD.",RUBBER INSULATION TUBE,"4009.11.00, 4017.00.90",,,,,,,,,,,,,,,,,,,,,,,
BD,"AEROKLAS CO.,LTD.","AUTOPARTS / SPARE PARTS(BED LINER, CANOPY, U-BOX, FRAMEGUARD, SIDE STE)",8708290000,,,,,,,,,,,,,,,,,,,,,,,
BD,AI ENERGY PUBLIC COMPANY LIMITED.,REFINED GLYCERINE/ CRUDE GLYCERIN,AEROKLAS,,,,,,,,,,,,,,,,,,,,,,,
BD,AKZO NOBEL PAINTS (THAILAND) LTD,PAINTING COLOR,,,,,,,,,,,,,,,,,,,,,,,,
BD,"ALLIANCE LAUNDRY (THAILAND) CO.,LTD. ",DRYING TUMBLERS,,,,,,,,,,,,,,,,,,,,,,,,
BD,AMAIR LIMITED,AIR CONDITIONERS,,,,,,,,,,,,,,,,,,,,,,,,
BD,Apaiser bathware (thailand) ltd.,BATHROOM ACESSORIES ,,,,,,,,,,,,,,,,,,,,,,,,
BD,"APCB ELECTRONICS (THAILAND) CO.,LTD.",ELECTRONIC GOODS,,,,,,,,,,,,,,,,,,,,,,,,
BD,ARCELIK HITACHI HOME APPLIANCES (THAILAND) LTD.,REFRIGERATOR,841800,,,,,,,,,,,,,,,,,,,,,,,
BD,"ARTITH VENTILATORS LTD., PART.",ROOF VENTILATORS,8414.59.49  for Roof Ventilators/,,,,,,,,,,,,,,,,,,,,,,,
BD,,,8419.90.29  for Adapter of Roof Ventilators,,,,,,,,,,,,,,,,,,,,,,,
BD,"ASIA GOLDEN RICE CO.,LTD.",RICE,100630,,,,,,,,,,,,,,,,,,,,,,,
BD,"ASIA SPORTS CO.,LTD",TENNIS BALL,,,,,,,,,,,,,,,,,,,,,,,,
BD,ASIAN ALLIANCE INTERNATIONAL PUBLIC COMPANY LIMITED (HEAD OFFICE),CANNED PET FOODS,230910,,,,,,,,,,,,,,,,,,,,,,,
BD,"ASIAN HONDA MOTOR CO.,LTD.",MACHINERY & EQUIPMENT,,,,,,,,,,,,,,,,,,,,,,,,
BD,AWACS CORPORATION LTD.,SWITCHGEAR PARTS,,,,,,,,,,,,,,,,,,,,,,,,
BD,"B.K. LATEX PRODUCTS CO., LTD",LATEX BALLOONS ,,,,,,,,,,,,,,,,,,,,,,,,
BD,"BAGS AND GLOVES CO.,LTD.",BAGS AND GLOVES,,,,,,,,,,,,,,,,,,,,,,,,
BD,,PLASTIC APPRON,392620,,,,,,,,,,,,,,,,,,,,,,,
BD,"BANGKOK INTER FOOD CO.,LTD.",TAPIOCA STARCH,,,,,,,,,,,,,,,,,,,,,,,,
BD,"BEKO THAI CO.,LTD.",REFRIGERATOR,841810,,,,,,,,,,,,,,,,,,,,,,,
BD,"Best Global Logistics Co., Ltd.",TILES,,,,,,,,,,,,,,,,,,,,,,,,
BD,BIODEGRADABLE PACKAGING FOR ENVIRONMENT PUBLIC COMPANY LIMITED (HEAD OFFICE),PAPER PULP TABLEWARE,482370,,,,,,,,,,,,,,,,,,,,,,,
BD,"BHAVIKA INTERNATIONAL CO.,LTD.",PIGEON BRAND,39249090,,,,,,,,,,,,,,,,,,,,,,,
BD,"BS MANUFACTURING CO.,LTD",FROZEN SEAFOOD,,,,,,,,,,,,,,,,,,,,,,,,
BD,"BTRADE CENTRE CO.,LTD.",AIR CONDITIONER PARTS,84159019,,,,,,,,,,,,,,,,,,,,,,,
BD,BUONO (THAILAND) PUBLIC COMPANY LIMITED,FROZEN DESSERT,21050000,,,,,,,,,,,,,,,,,,,,,,,
BD,"CARRIER AIR CONDITIONING (THAILAND) CO.,LTD.",AIR CONDITIONERS,841582,,,,,,,,,,,,,,,,,,,,,,,
BD,"C.P. INTERTRADE CO.,LTD.",RICE,,,,,,,,,,,,,,,,,,,,,,,,
BD,"C.S.B. METAL WORKS CO.,LTD.",VEHICLE AND PARTS,,,,,,,,,,,,,,,,,,,,,,,,
BD,"Calbee Tanawat Co., Ltd",SNACK,19049010,,,,,,,,,,,,,,,,,,,,,,,
BD,CCI AUTOMOTIVE PRODUCTS COMPANY LIMITED,AUTOMOTIVE PARTS,,,,,,,,,,,,,,,,,,,,,,,,
BD,"CHAI WATANA TANNERY GROUP PUBLIC CO.,LTD.",DOG CHEW,,,,,,,,,,,,,,,,,,,,,,,,
BD,CHENGPRES COMPANY LIMITED,CERAMIC,,,,,,,,,,,,,,,,,,,,,,,,
BD,"CHIRA AUTOMOTIVE (2000) CO.,LTD.",AUTO SPARE PARTS,,,,,,,,,,,,,,,,,,,,,,,,
BD,"CHOK CHAI STARCH CO., LTD.",FOODSTUFFS,,,,,,,,,,,,,,,,,,,,,,,,
BD,CHOTIWAT MANUFACTURING PUBLIC COMPANY LIMITED,CANNED FOOD,230910,,,,,,,,,,,,,,,,,,,,,,,
BD,"CHUSILP GROUP TRADING CO., LTD.",AUTO ACCESSORIES,,,,,,,,,,,,,,,,,,,,,,,,
BD,"CITYFARM INTERFOOD CO., LTD.","BEVERAGE, SPIRITS AND VINEGAR",,,,,,,,,,,,,,,,,,,,,,,,
BD,"Cocos Enterprises (Thailand) Co.,Ltd.",COCONUT MILK,,,,,,,,,,,,,,,,,,,,,,,,
BD,,COCONUT WATER,20098992,,,,,,,,,,,,,,,,,,,,,,,
BD,"COMOS CORPORATION CO.,LTD.",PLASTIC COOLER,392390,,,,,,,,,,,,,,,,,,,,,,,
BD,"COSMOS BREWERY (THAILAND) CO., LTD",BEER,,,,,,,,,,,,,,,,,,,,,,,,
BD,D.H.A SIAMWALLA LTD.,STATIONERY & OFFICE SUPPLIES,392610/ 482030,,,,,,,,,,,,,,,,,,,,,,,
BD,"DAIWA SEIKO (THAILAND) CO.,LTD.",FISHING REELS,,,,,,,,,,,,,,,,,,,,,,,,
BD,"DE SMIT FOOD INTERNATIONAL CO., LTD.",FOODSTUFFS,,,,,,,,,,,,,,,,,,,,,,,,
BD,DEESTONE CORPORATION PUBLIC COMPANY LIMITED,TIRES,,,,,,,,,,,,,,,,,,,,,,,,
BD,"DINGHENG NEW MATERIALS CO.,LTD",ALUMINIUM FOIL,760719,,,,,,,,,,,,,,,,,,,,,,,
BD,DUBUIT FAR EAST LTD.,SCREEN PRINTING MACHINE,,,,,,,,,,,,,,,,,,,,,,,,
BD,"DUNI (THAILAND) CO., LTD.",PLASTIC FILM,,,,,,,,,,,,,,,,,,,,,,,,
BD,,PAPER NAPKIN,48183020,,,,,,,,,,,,,,,,,,,,,,,
BD,,TISSUE COASTER,48234090,,,,,,,,,,,,,,,,,,,,,,,
BD,EBARA THERMAL SYSTEMS (THAILAND) CO. LTD,COOLING TOWER,,,,,,,,,,,,,,,,,,,,,,,,
BD,"EBRO VALVES (THAILAND) CO.,LTD",VALVES,,,,,,,,,,,,,,,,,,,,,,,,
BD,"ELECTROLUX THAILAND CO.,LTD.",REFRIGERATOR,,,,,,,,,,,,,,,,,,,,,,,,
BD,"FANG INTER FOODS CO.,LTD.",CANNED GOODS,,,,,,,,,,,,,,,,,,,,,,,,
BD,"FLORENCE INTER TRADING CO., LTD.",FROZEN SEAFOOD,160559,,,,,,,,,,,,,,,,,,,,,,,
BD,"FOOD SPECIALIZE CO.,LTD.",FOODSTUFFS,210390,,,,,,,,,,,,,,,,,,,,,,,
BD,FORTUNE PARTS INDUSTRY PUBLIC COMPANY LIMITED.,AUTOPARTS / SPARE PARTS,870829,,,,,,,,,,,,,,,,,,,,,,,
BD,"GENERAL RUBBER (THAILAND) CO.,LTD.",TIRES,40111000,,,,,,,,,,,,,,,,,,,,,,,
BD,"GIANTLOK (THAILAND) CO.,LTD.",CABLE TIES,,,,,,,,,,,,,,,,,,,,,,,,
BD,"GINGEN FOOD PRODUCTS CO.,LTD",FOODSTUFFS,,,,,,,,,,,,,,,,,,,,,,,,
BD,"KYOKUYO GLOBAL SEAFOODS CO., LTD.",FROZEN SEAFOOD,190490,,,,,,,,,,,,,,,,,,,,,,,
BD,LOBAL GREEN CHEMICALS PUBLIC COMPANY LIMITED,FATTY PALM ACID ,,,,,,,,,,,,,,,,,,,,,,,,
BD,GREEN PANEL COMPANY LIMITED ,MDF BOARD,,,,,,,,,,,,,,,,,,,,,,,,
BD,"H.V. PLAS CO.,LTD.",PVC PRODUCTS,39181019,,,,,,,,,,,,,,,,,,,,,,,
BD,"HANUMAN INTERFREIGHT (THAILAND) CO., LTD.",AUTO PARTS,,,,,,,,,,,,,,,,,,,,,,,,
BD,"HUTEK (ASIA) CO.,LTD., THAILAND",CELPAD / COOLIJNG PAD,48239099,,,,,,,,,,,,,,,,,,,,,,,
BD,"IDEMITSU LUBRICANTS (THAILAND) CO.,LTD",LUBRICANT OIL,,,,,,,,,,,,,,,,,,,,,,,,
BD,INSULTEC INTERNATIONAL LIMITED,MACHINERY & EQUIPMENT,,,,,,,,,,,,,,,,,,,,,,,,
BD,IRONMAN 4 BY 4 (THAILAND) LTD.,AUTO PARTS,,,,,,,,,,,,,,,,,,,,,,,,
BD,"JANOME (THAILAND) CO., LTD.",MACHINERY & EQUIPMENT,,,,,,,,,,,,,,,,,,,,,,,,
BD,"JANOME (THAILAND) CO., LTD.",Sewing Machines,845210,,,,,,,,,,,,,,,,,,,,,,,
BD,JASCORP ENTERPRISE PTE LTD,CHALK,,,,,,,,,,,,,,,,,,,,,,,,
BD,JELLY BELLY CANDY COMPANY (THAILAND) LTD. (HEAD OFFICE),CANDIES,1704.90.99,,,,,,,,,,,,,,,,,,,,,,,
BD,JELLY BELLY CANDY COMPANY (THAILAND) LTD. (HEAD OFFICE),CHOCOLATES,1806.90.90,,,,,,,,,,,,,,,,,,,,,,,
BD,"JN KITCHENWORLD CO.,LTD",KITCHENWARE,,,,,,,,,,,,,,,,,,,,,,,,
BD,"K.S.L EXPORT TRADING CO.,LTD.",SUGAR AND SUGAR CONFECTIONARY,,,,,,,,,,,,,,,,,,,,,,,,
BD,"KANI BANGKOK BUSINESS CO.,LTD.",AUTO PARTS,,,,,,,,,,,,,,,,,,,,,,,,
BD,"KF FOOD CO., LTD.",FROZEN SEAFOOD,"030461, 160529",,,,,,,,,,,,,,,,,,,,,,,
BD,"KINGFISHER HOLDINGS CO., LTD.",FROZEN PRODUCTS(PROCESSED AGRICULTURAL P,030743,,,,,,,,,,,,,,,,,,,,,,,
BD,KITZ (THAILAND) LTD.,VALVES,84818090,,,,,,,,,,,,,,,,,,,,,,,
BD,"KODANMAL GROUP CO., LTD.",CANNED KERNEL CORN,200580,,,,,,,,,,,,,,,,,,,,,,,
BD,KOHLER (THAILAND) PUBLIC COMPANY LIMITED,SCREEN PRINTING MACHINE,,,,,,,,,,,,,,,,,,,,,,,,
BD,KRITSANAKORN ORGANIC FARM,RICE,,,,,,,,,,,,,,,,,,,,,,,,
BD,"LEECO KOGYO CO., LTD.",FIRE RESISTANT SAFES,83030000,,,,,,,,,,,,,,,,,,,,,,,
BD,"LHIANTHAI RICE VERMICELLI CO., LTD.",FOODSTUFFS,,,,,,,,,,,,,,,,,,,,,,,,
BD,"LUCKY UNION FOODS CO.,LTD.",FROZEN IMITATION CRABMEAT,160420,,,,,,,,,,,,,,,,,,,,,,,
BD,LUCY ELECTRIC (THAILAND) LIMITED,SWITCHGEAR PARTS,85353090,,,,,,,,,,,,,,,,,,,,,,,
BD,"MAHJEB DOG GOODS SHOP (THAILAND) CO.,LTD.",DOG GOODS ,,,,,,,,,,,,,,,,,,,,,,,,
BD,MAKE SCENTS LIMITED,UNDERWEAR,,,,,,,,,,,,,,,,,,,,,,,,
BD,"MARK MOTORS (THAILAND) CO.,LTD",MOTOR PARTS,,,,,,,,,,,,,,,,,,,,,,,,
BD,"Mitsubishi Heavy Industries - Mahajak Air Conditioners Co.,Ltd.",AUTO AIR-CONDITIONING PARTS,841510,,,,,,,,,,,,,,,,,,,,,,,
BD,MOST INTERNATIONAL COMPANY LIMITED,BASIL SEED DRINK,,,,,,,,,,,,,,,,,,,,,,,,
BD,"MS. BEAUTY LINE CO., LTD.",HYGIENE&PERSONAL CARE PRODUCTS&,,,,,,,,,,,,,,,,,,,,,,,,
BD,"MS. BEAUTY LINE CO., LTD.",COSMETICS,,,,,,,,,,,,,,,,,,,,,,,,
BD,"Multibax Public Co.,Ltd.",PLASTIC BAG,,,,,,,,,,,,,,,,,,,,,,,,
BD,MULTILINK CORPORATION LTD.,BABY GARMENTS,61112000,,,,,,,,,,,,,,,,,,,,,,,
BD,"N.B.VALUE LINK CO., LTD.",CANNED FOOD,20098190,,,,,,,,,,,,,,,,,,,,,,,
BD,"NARA GLOBAL CO., LTD.",MODELING CLAY,34070010,,,,,,,,,,,,,,,,,,,,,,,
BD,"New Lamthong Foods Industries Co., Ltd.",CANNED FRUITS,,,,,,,,,,,,,,,,,,,,,,,,
BD,"NUTRIX PUBLIC CO.,LTD",PET FOOD,,,,,,,,,,,,,,,,,,,,,,,,
BD,OCEAN GLASS PUBLIC COMPANY LIMITED,GLASS & GLASS PRODUCTS,"70132800,70133700,70134900,70139900,70109000",,,,,,,,,,,,,,,,,,,,,,,
BD,"OPI INTERNATIONAL CO.,LTD",COOLER BOX,,,,,,,,,,,,,,,,,,,,,,,,
BD,"OTANI RADIAL CO., LTD.",RUBBER PRODUCTS,401120,,,,,,,,,,,,,,,,,,,,,,,
BD,"P.C. PRODUCTS INTERNATIONAL CO., LTD.",WHEEL WEIGHT,,,,,,,,,,,,,,,,,,,,,,,,
BD,"PACIFIC SUGAR CO.,LTD.",SUGAR AND SUGAR CONFECTIONARY,17019910,,,,,,,,,,,,,,,,,,,,,,,
BD,PAN ASIA FOOTWEAR PUBLIC COMPANY LIMITED,FOOTWEAR & PARTS,,,,,,,,,,,,,,,,,,,,,,,,
BD,PATAYA FOOD INDUSTRIES LTD.,CANNED FOOD,230910,,,,,,,,,,,,,,,,,,,,,,,
BD,"PERFECT COMPANION GROUP CO.,LTD.",CANNED PET FOOD,230910,,,,,,,,,,,,,,,,,,,,,,,
BD,Pioneer Motor Public Company Ltd,MOTOR PARTS,,,,,,,,,,,,,,,,,,,,,,,,
BD,"PONGLARP CO.,LTD.",RICE,100630,,,,,,,,,,,,,,,,,,,,,,,
BD,"POTENTIAL SMARTTOP CO.,LTD.",FIBERGLASS,870899,,,,,,,,,,,,,,,,,,,,,,,
BD,PRECISION VALVE (THAILAND) COMPANY LIMITED,AEROSOL VALVE,,,,,,,,,,,,,,,,,,,,,,,,
BD,PRESIDENT AUTOMOBILE INDUSTRIES PUBLIC COMPANY LIMITED,AIR CONDITIONER PARTS,84159000,,,,,,,,,,,,,,,,,,,,,,,
BD,"PRIME PRODUCTS INDUSTRY CO., LTD.",CANNED FOOD ,,,,,,,,,,,,,,,,,,,,,,,,
BD,PRIMO OIL COMPANY LIMITED,CRUDE GLYCERIN,,,,,,,,,,,,,,,,,,,,,,,,
BD,"PTAP Intertrade Co., Ltd.",AUTOPARTS / SPARE PARTS,,,,,,,,,,,,,,,,,,,,,,,,
BD,PTT GLOBAL CHEMICAL PUBLIC COMPANY LIMITED.,POLYETHYLENE,39011099,,,,,,,,,,,,,,,,,,,,,,,
BD,PTT GLOBAL CHEMICAL PUBLIC COMPANY LIMITED.,CHEMICAL (HAZARDOUS),29072300,,,,,,,,,,,,,,,,,,,,,,,
BD,"QUALITY CERAMIC CO.,LTD",CERAMIC,,,,,,,,,,,,,,,,,,,,,,,,
BD,"RIKKEI TRADING (THAILAND) CO.,LTD.",MODIFIED TAPIOCA STARCH,,,,,,,,,,,,,,,,,,,,,,,,
BD,RUBBERLAND PRODUCTS COMPANY LIMITED,RUBBER PRODUCTS,,,,,,,,,,,,,,,,,,,,,,,,
BD,"S.P.A. INTERNATIONAL FOOD GROUP CO.,LTD.",CANNED FOOD,,,,,,,,,,,,,,,,,,,,,,,,
BD,"SAMRUAY ENGINEERING CO.,LTD",AIR CONDITIONER PARTS,,,,,,,,,,,,,,,,,,,,,,,,
BD,"SCG LOGISTICS MANAGEMENT CO.,LTD",SMARTBOARD,,,,,,,,,,,,,,,,,,,,,,,,
BD,"SIAM BICENT COMMERCIAL CO.,LTD.",CANNED FOOD,,,,,,,,,,,,,,,,,,,,,,,,
BD,"SIAM FLEX PACK CO.,LTD",PLASTIC BAG,,,,,,,,,,,,,,,,,,,,,,,,
BD,Siam International Food Company Limited,CANNED FOOD,,,,,,,,,,,,,,,,,,,,,,,,
BD,"SIAM PART PRODUCER CO.,LTD.",CAR ACCESSORIES,,,,,,,,,,,,,,,,,,,,,,,,
BD,"SIAM RISO WOOD PRODUCTS CO.,LTD.",MDF BOARD,441011,,,,,,,,,,,,,,,,,,,,,,,
BD,SIAM SUGAR EXPORT CORPORATION LTD.,SUGAR AND SUGAR CONFECTIONARY,,,,,,,,,,,,,,,,,,,,,,,,
BD,"Siam TN Enterprise Co.,Ltd.",PVC PIPE FITTINGS,,,,,,,,,,,,,,,,,,,,,,,,
BD,"SHINKI (THAILAND) CO.,LTD.",SUMITOMO BRAND TIRES ,,,,,,,,,,,,,,,,,,,,,,,,
BD,"SMS CORPORATION CO., LTD. (HEAD OFFICE)",MODIFIED TAPIOCA STARCH,350510,,,,,,,,,,,,,,,,,,,,,,,
BD,SOLVAY (BANGPOO) SPECIALTY CHEMICALS LTD,ISOPROPANAL,,,,,,,,,,,,,,,,,,,,,,,,
BD,SOUTHEAST ASIAN PACKAGING AND CANNING  LTD.,CANNED FOOD,160414,,,,,,,,,,,,,,,,,,,,,,,
BD,SOUTHEAST ASIAN PACKAGING AND CANNING  LTD.,CANNED PET FOODS,230910,,,,,,,,,,,,,,,,,,,,,,,
BD,SRI TRANG GLOVES (THAILAND) PUBLIC COMPANY LIMITED ,LATEX GLOVES,401511,,,,,,,,,,,,,,,,,,,,,,,
BD,STAEDTLER (THAILAND) LTD.,FIBRE TIP PEN,9608.20.00,,,,,,,,,,,,,,,,,,,,,,,
BD,STAEDTLER (THAILAND) LTD.,WAX CRAYON,9609.90.30,,,,,,,,,,,,,,,,,,,,,,,
BD,STAEDTLER (THAILAND) LTD.,PENCIL CAP,9608.99.90,,,,,,,,,,,,,,,,,,,,,,,
BD,STAEDTLER (THAILAND) LTD.,OPP BAG,3923.29.90,,,,,,,,,,,,,,,,,,,,,,,
BD,STAEDTLER (THAILAND) LTD.,PLASTIC BOX EMPTY,3926.10.00,,,,,,,,,,,,,,,,,,,,,,,
BD,STAEDTLER (THAILAND) LTD.,RULER,9017.20.10,,,,,,,,,,,,,,,,,,,,,,,
BD,"SUMMIT FOOTWEAR CO.,LTD",FOOTWEAR & PARTS,640299,,,,,,,,,,,,,,,,,,,,,,,
BD,"SUREE INTERFOODS CO.,LTD.",SAUCE,,,,,,,,,,,,,,,,,,,,,,,,
BD,SCGJWD LOGISTICS PUBLIC COMPANY LIMITED,FIBER CEMENT BOARD (SCG BRAND),681182,,,,,,,,,,,,,,,,,,,,,,,
BD,"T.I.T. INTERNATIONAL CO.,LTD. ",LAMP,,,,,,,,,,,,,,,,,,,,,,,,
BD,Taokaenoi Food&Marketing Public Company Limited,SNACK,,,,,,,,,,,,,,,,,,,,,,,,
BD,THAI ENERGY STORAGE TECHNOLOGY PLC.,DRY BATTERIES,,,,,,,,,,,,,,,,,,,,,,,,
BD,"THAI GARMENT EXPORT CO.,LTD",TEXTILES / GARMENTS/FASHION ACESSORIES,,,,,,,,,,,,,,,,,,,,,,,,
BD,"THAI GYPSUM PRODUCTS PUBLIC CO., LTD.",GYPSUM PLASTER,25202090,,,,,,,,,,,,,,,,,,,,,,,
BD,"THAI FISHSAUCE FACTORY CO.,LTD.",FISH SAUCE,,,,,,,,,,,,,,,,,,,,,,,,
BD,"Thai Lee food international co.,ltd.",FOODSTUFFS,,,,,,,,,,,,,,,,,,,,,,,,
BD,"THAI PRESERVED FOOD FACTORY CO., LTD. ",INSTANT NOODLES,19021920,,,,,,,,,,,,,,,,,,,,,,,
BD,"THAI POLYETHYLENE CO., LTD.",POLYETHYLENE,390120,,,,,,,,,,,,,,,,,,,,,,,
BD,"Thai Roong ruang industry co.,ltd.",SUGAR AND SUGAR CONFECTIONARY,,,,,,,,,,,,,,,,,,,,,,,,
BD,"THAI SUGAR INDUSTRY CO., LTD.",SUGAR AND SUGAR CONFECTIONARY,,,,,,,,,,,,,,,,,,,,,,,,
BD,"THAI SUZUKI MOTOR CO.,LTD.",OUTBOARD MOTOR,,,,,,,,,,,,,,,,,,,,,,,,
BD,"THAI TEXTILE INDUSTRY PUBLIC CO., LTD",TEXTILES / GARMENTS/FASHION ACESSORIES,,,,,,,,,,,,,,,,,,,,,,,,
BD,"THAI VATANA PLASTIC CO.,LTD.",PVC PRODUCTS,,,,,,,,,,,,,,,,,,,,,,,,
BD,"THAI WORLD IMPORT & EXPORT CO., LTD.",FOODSTUFFS,,,,,,,,,,,,,,,,,,,,,,,,
BD,THAIMAC STR COMPANY LIMITED,NATURAL RUBBER,,,,,,,,,,,,,,,,,,,,,,,,
BD,"THE M CORP GLOBAL CO., LTD.",TIRES,40111000,,,,,,,,,,,,,,,,,,,,,,,
BD,"THE THAI SUGAR TRADING CORP., LTD.",SUGAR AND SUGAR CONFECTIONARY,,,,,,,,,,,,,,,,,,,,,,,,
BD,"TOSHIBA CONSUMER PRODUCTS (THAILAND) CO.,LTD.",PARTS FOR WASHING MACHINE ,,,,,,,,,,,,,,,,,,,,,,,,
BD,"TOUMI FOODS AND PRODUCT CO.,LTD.",RICE,10063099,,,,,,,,,,,,,,,,,,,,,,,
BD,TOUMI INTERTRADE COMPANY LIMITED,RICE,10063099,,,,,,,,,,,,,,,,,,,,,,,
BD,TRI-WALL PACKAGING (THAI) LTD.,CORRUGATED PAPERBOARD SHEET,48081000,,,,,,,,,,,,,,,,,,,,,,,
BD,"TROPICAL CANNING (THAILAND) PUBLIC CO., LTD. ",CANNED PET FOODS,230910,,,,,,,,,,,,,,,,,,,,,,,
BD,UDX COMPANY LIMITED,BATTERY,,,,,,,,,,,,,,,,,,,,,,,,
BD,"UNIVERSAL SPORTING GOODS (THAI) CO.,LTD.",TENNIS BALLS,95066100,,,,,,,,,,,,,,,,,,,,,,,
BD,UNICORD PUBLIC COMPANY LIMITED,CANNED PET FOODS,230910,,,,,,,,,,,,,,,,,,,,,,,
BD,"UNIQUE FOOD AND BEVERAGE CO.,LTD. ","BEVERAGE, SPIRITS AND VINEGAR / COCONUT MILK (GOLD VALLEY BRAND)",2109.60.63,,,,,,,,,,,,,,,,,,,,,,,
BD,UNILEVER THAI TRADING LIMITED ,HAIR SHAMPOOS,33051000,,,,,,,,,,,,,,,,,,,,,,,
BD,"URAI PHANICH CO.,LTD. ",ADHESIVE LATEX,,,,,,,,,,,,,,,,,,,,,,,,
BD,"V. THAI FOOD PRODUCT CO.,LTD.",FOODSTUFFS,200990,,,,,,,,,,,,,,,,,,,,,,,
BD,VANDAPAC COMPANY LIMITED.,CAR ACCESSORIES,87082919,,,,,,,,,,,,,,,,,,,,,,,
BD,"VEE TYRE AND RUBBER CO.,LTD",RUBBER TIRE,,,,,,,,,,,,,,,,,,,,,,,,
BD,"VEGA BALLS MANUFACTURING CO.,LTD.",BASKETBALL,,,,,,,,,,,,,,,,,,,,,,,,
BD,"VILLEROY & BOCH (THAILAND) CO.,LTD.",SANITARYWARE /CERAMIC,,,,,,,,,,,,,,,,,,,,,,,,
BD,WISEWOODS COMPANY LIMITED,MDF BOARD,"44111200, 44111300",,,,,,,,,,,,,,,,,,,,,,,
BD,"WORA INTERTRADE CO.,LTD.",AUTOPARTS / SPARE PARTS,8708.990-409 (AUTOMOTIVE SPARE PARTS : muara),,,,,,,,,,,,,,,,,,,,,,,
BD,,,8708.9199  FOR KLANG WEST,,,,,,,,,,,,,,,,,,,,,,,
BD,,,8708.9990 for KARACHI,,,,,,,,,,,,,,,,,,,,,,,
BD,,Fire Truck ,8705.30.00,,,,,,,,,,,,,,,,,,,,,,,
BD,"WORLD AEROPLAST CO., LTD.",FOAM,84159019,,,,,,,,,,,,,,,,,,,,,,,
BD,"WORLD SUGAR EXPORT CO.,LTD.",REFINED SUGAR,170199,,,,,,,,,,,,,,,,,,,,,,,
BD,XPD GLOBAL (THAILAND) LTD,,,,,,,,,,,,,,,,,,,,,,,,,
BD,"Yamamori Trading Co.,Ltd.",SAUCE,210310,,,,,,,,,,,,,,,,,,,,,,,
BD,"YONEX TECNIFIBRE CO., LTD.",SPORTING GOODS,,,,,,,,,,,,,,,,,,,,,,,,
BD,"YORK IMPEX CO.,LTD.",RUBBER BANDS,40169930,,,,,,,,,,,,,,,,,,,,,,,
BD,"A.M.C. Motor (Amornchai) Co., Ltd",LAMP,,,,,,,,,,,,,,,,,,,,,,,,
BD,"SWAN SIAM CORPORATION CO.,LTD.",BARE COMPRESSOR,841480,,,,,,,,,,,,,,,,,,,,,,,
BD,"Oriental Food Co., Ltd.",Rice Stick,190219,,,,,,,,,,,,,,,,,,,,,,,
BD,"Siam Ocean Frozen Foods Co.,Ltd.",FROZEN SEAFOOD,030743,,,,,,,,,,,,,,,,,,,,,,,
BD,SCG International Corporation Co Ltd,Gypsum Board,68091100,,,,,,,,,,,,,,,,,,,,,,,
BD,,ALUMINIUM SCRAP,760200,,,,,,,,,,,,,,,,,,,,,,,
BD,"BS Manufacturing Co,Ltd.",FROZEN SEAFOOD,160420,,,,,,,,,,,,,,,,,,,,,,,
BD,"THE PEACE CANNING (1958) CO.,LTD",CANNED FOOD,200899,,,,,,,,,,,,,,,,,,,,,,,
BD,"Monde Nissin (Thailand) Co.,Ltd.",ASSORTED NOODLES,19023040,,,,,,,,,,,,,,,,,,,,,,,
BD,"RUBBER INTERTRADE CO.,LTD",AUTO SPARE PARTS,87089999,,,,,,,,,,,,,,,,,,,,,,,
BD,"Shibaura Machine Manufacturing (Thailand) Co.,Ltd.",INJECTION MOLDING MACHINE,847710,,,,,,,,,,,,,,,,,,,,,,,
BD,"THAI SPRING FISH CO.,LTD.",FROZEN SEAFOOD,030743 / 160556,,,,,,,,,,,,,,,,,,,,,,,
BD,"THAI PRESERVED FOOD FACTORY CO., LTD. ",RICE VERMICELLI,1902.19.20,,,,,,,,,,,,,,,,,,,,,,,
BD,"Thai Fishsauce Factory (Squid Brand) Co.,Ltd.",FISH SAUCE,21039012,,,,,,,,,,,,,,,,,,,,,,,
BD,S.Y.K. AUTOPART IMPORT-EXPORT,motorcycle helmets,650610,,,,,,,,,,,,,,,,,,,,,,,
BD,TAKERNG PINEAPPLE,CANNED FOOD,,,,,,,,,,,,,,,,,,,,,,,,
BD,D.H.A. SAIMWALLA,STATIONERY & OFFICE SUPPLIES,,,,,,,,,,,,,,,,,,,,,,,,
BD,YUSEN LOGISTICS,Medical Supplies,,,,,,,,,,,,,,,,,,,,,,,,
BD,"NANA MARKETING CO.,LTD",FOODSTUFF,,,,,,,,,,,,,,,,,,,,,,,,
BD,"Majestic Food Industry Co.,Ltd.",Canned Goods,2005.8,,,,,,,,,,,,,,,,,,,,,,,
BD,RIINAI,TABLE COOKER FOR LPG,7321.11.00,,,,,,,,,,,,,,,,,,,,,,,
BD,EXOTIC FOOD PCL,FOODSTUFF,,,,,,,,,,,,,,,,,,,,,,,,
BD,"HIDAKA YOOKOO ENTERPRISES CO.,LTD",SCRAP / STAINLESS / METAL,,,,,,,,,,,,,,,,,,,,,,,,
BD,"JENBUNJERD CO.,LTD.",HAND TRUCK,87168010,,,,,,,,,,,,,,,,,,,,,,,
BD,"OMNOVA ENGINEERED SURFACES (THAILAND) CO.,LTD.",Vinyl Wallcovering,,,,,,,,,,,,,,,,,,,,,,,,
BD,La-Z-Boy Corporate,FURNITURE,,,,,,,,,,,,,,,,,,,,,,,,
BD,"C.P. INTERTRADE CO.,LTD.",CANNED SWEET KERNEL CORN,200580,,,,,,,,,,,,,,,,,,,,,,,
BD,"RUAMKAMLARP EXPORT CO.,LTD",SUGAR,170199,,,,,,,,,,,,,,,,,,,,,,,
BD,"M.S. Beautyline Co.,Ltd.",SKIN CARE CREAM AND SKIN CARE SOAP,"3401.30.00, 3401.11.50",,,,,,,,,,,,,,,,,,,,,,,
BD,"METRO INDUSTRIAL PARK CO.,LTD.",PARTICLE BOARD,441011,,,,,,,,,,,,,,,,,,,,,,,
BD,"WGC CO., LTD.",MALTODEXTRIN POWDER,17029090,,,,,,,,,,,,,,,,,,,,,,,
KLOY,PTT GLOBAL CHEMICAL PUBLIC COMPANY,ACETONE,291411,,,,,,,,,,,,,,,,,,,,,,,
KLOY,"WINTERHALTER ASIA CO.,LTD.",DISHWASHING MACHINE,842219,,,,,,,,,,,,,,,,,,,,,,,
PONG,BKG,GYPSUM FERTILIZER (VITACAL POWDER AGRICULTURAL GYPSUM),25201010,,,,,,,,,,,,,,,,,,,,,,,
PONG,"299 GREEN TRADING CO.,LTD.",GRANULAR GYPSUM,31059000,,,,,,,,,,,,,,,,,,,,,,,
,"THAI BRIDGESTONE CO., LTD.",CANNED FOOD ,401110,,,,,,,,,,,,,,,,,,,,,,,
,"TOUMI FOODS & PRODUCT CO., LTD.",RICE,100630,,,,,,,,,,,,,,,,,,,,,,,
,SATIEN STAINLESS STEEL PUBLIC COMPANY LIMITED,KITCHENWARE,732393,,,,,,,,,,,,,,,,,,,,,,,
,"MILOTT LABORATORIES CO,LTD.",SHOWER CREAM ,340130,,,,,,,,,,,,,,,,,,,,,,,
,"THAI WORLD IMPORT AND EXPORT CO.,LTD.",FROZEN GLUTINOUS RICE,210690,,,,,,,,,,,,,,,,,,,,,,,
,,,,,,,,,,,,,,,,,,,,,,,,,,
,,,,,,,,,,,,,,,,,,,,,,,,,,
,,,,,,,,,,,,,,,,,,,,,,,,,,
,,,,,,,,,,,,,,,,,,,,,,,,,,
,,,,,,,,,,,,,,,,,,,,,,,,,,
,,,,,,,,,,,,,,,,,,,,,,,,,,
,,,,,,,,,,,,,,,,,,,,,,,,,,
,,,,,,,,,,,,,,,,,,,,,,,,,,
,,,,,,,,,,,,,,,,,,,,,,,,,,
,,,,,,,,,,,,,,,,,,,,,,,,,,
,,,,,,,,,,,,,,,,,,,,,,,,,,
,,,,,,,,,,,,,,,,,,,,,,,,,,
,,,,,,,,,,,,,,,,,,,,,,,,,,
,,,,,,,,,,,,,,,,,,,,,,,,,,
,,,,,,,,,,,,,,,,,,,,,,,,,,
,,,,,,,,,,,,,,,,,,,,,,,,,,
,,,,,,,,,,,,,,,,,,,,,,,,,,
,,,,,,,,,,,,,,,,,,,,,,,,,,
,,,,,,,,,,,,,,,,,,,,,,,,,,
,,,,,,,,,,,,,,,,,,,,,,,,,,
,,,,,,,,,,,,,,,,,,,,,,,,,,
,,,,,,,,,,,,,,,,,,,,,,,,,,
,,,,,,,,,,,,,,,,,,,,,,,,,,
,,,,,,,,,,,,,,,,,,,,,,,,,,
,,,,,,,,,,,,,,,,,,,,,,,,,,
,,,,,,,,,,,,,,,,,,,,,,,,,,
,,,,,,,,,,,,,,,,,,,,,,,,,,
,,,,,,,,,,,,,,,,,,,,,,,,,,
,,,,,,,,,,,,,,,,,,,,,,,,,,
,,,,,,,,,,,,,,,,,,,,,,,,,,
,,,,,,,,,,,,,,,,,,,,,,,,,,
,,,,,,,,,,,,,,,,,,,,,,,,,,
,,,,,,,,,,,,,,,,,,,,,,,,,,
,,,,,,,,,,,,,,,,,,,,,,,,,,
,,,,,,,,,,,,,,,,,,,,,,,,,,
,,,,,,,,,,,,,,,,,,,,,,,,,,
,,,,,,,,,,,,,,,,,,,,,,,,,,
,,,,,,,,,,,,,,,,,,,,,,,,,,
,,,,,,,,,,,,,,,,,,,,,,,,,,
,,,,,,,,,,,,,,,,,,,,,,,,,,
,,,,,,,,,,,,,,,,,,,,,,,,,,
,,,,,,,,,,,,,,,,,,,,,,,,,,
,,,,,,,,,,,,,,,,,,,,,,,,,,
,,,,,,,,,,,,,,,,,,,,,,,,,,
,,,,,,,,,,,,,,,,,,,,,,,,,,
,,,,,,,,,,,,,,,,,,,,,,,,,,
,,,,,,,,,,,,,,,,,,,,,,,,,,
,,,,,,,,,,,,,,,,,,,,,,,,,,
,,,,,,,,,,,,,,,,,,,,,,,,,,
,,,,,,,,,,,,,,,,,,,,,,,,,,
,,,,,,,,,,,,,,,,,,,,,,,,,,
,,,,,,,,,,,,,,,,,,,,,,,,,,
,,,,,,,,,,,,,,,,,,,,,,,,,,
,,,,,,,,,,,,,,,,,,,,,,,,,,
,,,,,,,,,,,,,,,,,,,,,,,,,,
,,,,,,,,,,,,,,,,,,,,,,,,,,
,,,,,,,,,,,,,,,,,,,,,,,,,,
,,,,,,,,,,,,,,,,,,,,,,,,,,
,,,,,,,,,,,,,,,,,,,,,,,,,,
,,,,,,,,,,,,,,,,,,,,,,,,,,
,,,,,,,,,,,,,,,,,,,,,,,,,,
,,,,,,,,,,,,,,,,,,,,,,,,,,
,,,,,,,,,,,,,,,,,,,,,,,,,,
,,,,,,,,,,,,,,,,,,,,,,,,,,
,,,,,,,,,,,,,,,,,,,,,,,,,,
,,,,,,,,,,,,,,,,,,,,,,,,,,
,,,,,,,,,,,,,,,,,,,,,,,,,,
,,,,,,,,,,,,,,,,,,,,,,,,,,
,,,,,,,,,,,,,,,,,,,,,,,,,,
,,,,,,,,,,,,,,,,,,,,,,,,,,
,,,,,,,,,,,,,,,,,,,,,,,,,,
,,,,,,,,,,,,,,,,,,,,,,,,,,
,,,,,,,,,,,,,,,,,,,,,,,,,,
,,,,,,,,,,,,,,,,,,,,,,,,,,
,,,,,,,,,,,,,,,,,,,,,,,,,,
,,,,,,,,,,,,,,,,,,,,,,,,,,
,,,,,,,,,,,,,,,,,,,,,,,,,,
,,,,,,,,,,,,,,,,,,,,,,,,,,
,,,,,,,,,,,,,,,,,,,,,,,,,,
,,,,,,,,,,,,,,,,,,,,,,,,,,
,,,,,,,,,,,,,,,,,,,,,,,,,,
,,,,,,,,,,,,,,,,,,,,,,,,,,
,,,,,,,,,,,,,,,,,,,,,,,,,,
,,,,,,,,,,,,,,,,,,,,,,,,,,
,,,,,,,,,,,,,,,,,,,,,,,,,,
,,,,,,,,,,,,,,,,,,,,,,,,,,
,,,,,,,,,,,,,,,,,,,,,,,,,,
,,,,,,,,,,,,,,,,,,,,,,,,,,
,,,,,,,,,,,,,,,,,,,,,,,,,,
,,,,,,,,,,,,,,,,,,,,,,,,,,
,,,,,,,,,,,,,,,,,,,,,,,,,,
,,,,,,,,,,,,,,,,,,,,,,,,,,
,,,,,,,,,,,,,,,,,,,,,,,,,,
,,,,,,,,,,,,,,,,,,,,,,,,,,
,,,,,,,,,,,,,,,,,,,,,,,,,,
,,,,,,,,,,,,,,,,,,,,,,,,,,
,,,,,,,,,,,,,,,,,,,,,,,,,,
,,,,,,,,,,,,,,,,,,,,,,,,,,
,,,,,,,,,,,,,,,,,,,,,,,,,,
,,,,,,,,,,,,,,,,,,,,,,,,,,
,,,,,,,,,,,,,,,,,,,,,,,,,,
,,,,,,,,,,,,,,,,,,,,,,,,,,
,,,,,,,,,,,,,,,,,,,,,,,,,,
,,,,,,,,,,,,,,,,,,,,,,,,,,
,,,,,,,,,,,,,,,,,,,,,,,,,,
,,,,,,,,,,,,,,,,,,,,,,,,,,
,,,,,,,,,,,,,,,,,,,,,,,,,,
,,,,,,,,,,,,,,,,,,,,,,,,,,
,,,,,,,,,,,,,,,,,,,,,,,,,,
,,,,,,,,,,,,,,,,,,,,,,,,,,
,,,,,,,,,,,,,,,,,,,,,,,,,,
,,,,,,,,,,,,,,,,,,,,,,,,,,
,,,,,,,,,,,,,,,,,,,,,,,,,,
,,,,,,,,,,,,,,,,,,,,,,,,,,
,,,,,,,,,,,,,,,,,,,,,,,,,,
,,,,,,,,,,,,,,,,,,,,,,,,,,
,,,,,,,,,,,,,,,,,,,,,,,,,,
,,,,,,,,,,,,,,,,,,,,,,,,,,
,,,,,,,,,,,,,,,,,,,,,,,,,,
,,,,,,,,,,,,,,,,,,,,,,,,,,
,,,,,,,,,,,,,,,,,,,,,,,,,,
,,,,,,,,,,,,,,,,,,,,,,,,,,
,,,,,,,,,,,,,,,,,,,,,,,,,,
,,,,,,,,,,,,,,,,,,,,,,,,,,
,,,,,,,,,,,,,,,,,,,,,,,,,,
,,,,,,,,,,,,,,,,,,,,,,,,,,
,,,,,,,,,,,,,,,,,,,,,,,,,,
,,,,,,,,,,,,,,,,,,,,,,,,,,
,,,,,,,,,,,,,,,,,,,,,,,,,,
,,,,,,,,,,,,,,,,,,,,,,,,,,
,,,,,,,,,,,,,,,,,,,,,,,,,,
,,,,,,,,,,,,,,,,,,,,,,,,,,
,,,,,,,,,,,,,,,,,,,,,,,,,,
,,,,,,,,,,,,,,,,,,,,,,,,,,
,,,,,,,,,,,,,,,,,,,,,,,,,,
,,,,,,,,,,,,,,,,,,,,,,,,,,
,,,,,,,,,,,,,,,,,,,,,,,,,,
,,,,,,,,,,,,,,,,,,,,,,,,,,
,,,,,,,,,,,,,,,,,,,,,,,,,,
,,,,,,,,,,,,,,,,,,,,,,,,,,
,,,,,,,,,,,,,,,,,,,,,,,,,,
,,,,,,,,,,,,,,,,,,,,,,,,,,
,,,,,,,,,,,,,,,,,,,,,,,,,,
,,,,,,,,,,,,,,,,,,,,,,,,,,
,,,,,,,,,,,,,,,,,,,,,,,,,,
,,,,,,,,,,,,,,,,,,,,,,,,,,
,,,,,,,,,,,,,,,,,,,,,,,,,,
,,,,,,,,,,,,,,,,,,,,,,,,,,
,,,,,,,,,,,,,,,,,,,,,,,,,,
,,,,,,,,,,,,,,,,,,,,,,,,,,
,,,,,,,,,,,,,,,,,,,,,,,,,,
,,,,,,,,,,,,,,,,,,,,,,,,,,
,,,,,,,,,,,,,,,,,,,,,,,,,,
,,,,,,,,,,,,,,,,,,,,,,,,,,
,,,,,,,,,,,,,,,,,,,,,,,,,,
,,,,,,,,,,,,,,,,,,,,,,,,,,
,,,,,,,,,,,,,,,,,,,,,,,,,,
,,,,,,,,,,,,,,,,,,,,,,,,,,
,,,,,,,,,,,,,,,,,,,,,,,,,,
,,,,,,,,,,,,,,,,,,,,,,,,,,
,,,,,,,,,,,,,,,,,,,,,,,,,,
,,,,,,,,,,,,,,,,,,,,,,,,,,
,,,,,,,,,,,,,,,,,,,,,,,,,,
,,,,,,,,,,,,,,,,,,,,,,,,,,
,,,,,,,,,,,,,,,,,,,,,,,,,,
,,,,,,,,,,,,,,,,,,,,,,,,,,
,,,,,,,,,,,,,,,,,,,,,,,,,,
,,,,,,,,,,,,,,,,,,,,,,,,,,
,,,,,,,,,,,,,,,,,,,,,,,,,,
,,,,,,,,,,,,,,,,,,,,,,,,,,
,,,,,,,,,,,,,,,,,,,,,,,,,,
,,,,,,,,,,,,,,,,,,,,,,,,,,
,,,,,,,,,,,,,,,,,,,,,,,,,,
,,,,,,,,,,,,,,,,,,,,,,,,,,
,,,,,,,,,,,,,,,,,,,,,,,,,,
,,,,,,,,,,,,,,,,,,,,,,,,,,
,,,,,,,,,,,,,,,,,,,,,,,,,,
,,,,,,,,,,,,,,,,,,,,,,,,,,
,,,,,,,,,,,,,,,,,,,,,,,,,,
,,,,,,,,,,,,,,,,,,,,,,,,,,
,,,,,,,,,,,,,,,,,,,,,,,,,,
,,,,,,,,,,,,,,,,,,,,,,,,,,
,,,,,,,,,,,,,,,,,,,,,,,,,,
,,,,,,,,,,,,,,,,,,,,,,,,,,
,,,,,,,,,,,,,,,,,,,,,,,,,,
,,,,,,,,,,,,,,,,,,,,,,,,,,
,,,,,,,,,,,,,,,,,,,,,,,,,,
,,,,,,,,,,,,,,,,,,,,,,,,,,
,,,,,,,,,,,,,,,,,,,,,,,,,,
,,,,,,,,,,,,,,,,,,,,,,,,,,
,,,,,,,,,,,,,,,,,,,,,,,,,,
,,,,,,,,,,,,,,,,,,,,,,,,,,
,,,,,,,,,,,,,,,,,,,,,,,,,,
,,,,,,,,,,,,,,,,,,,,,,,,,,
,,,,,,,,,,,,,,,,,,,,,,,,,,
,,,,,,,,,,,,,,,,,,,,,,,,,,
,,,,,,,,,,,,,,,,,,,,,,,,,,
,,,,,,,,,,,,,,,,,,,,,,,,,,
,,,,,,,,,,,,,,,,,,,,,,,,,,
,,,,,,,,,,,,,,,,,,,,,,,,,,
,,,,,,,,,,,,,,,,,,,,,,,,,,
,,,,,,,,,,,,,,,,,,,,,,,,,,
,,,,,,,,,,,,,,,,,,,,,,,,,,
,,,,,,,,,,,,,,,,,,,,,,,,,,
,,,,,,,,,,,,,,,,,,,,,,,,,,
,,,,,,,,,,,,,,,,,,,,,,,,,,
,,,,,,,,,,,,,,,,,,,,,,,,,,
,,,,,,,,,,,,,,,,,,,,,,,,,,
,,,,,,,,,,,,,,,,,,,,,,,,,,
,,,,,,,,,,,,,,,,,,,,,,,,,,
,,,,,,,,,,,,,,,,,,,,,,,,,,
,,,,,,,,,,,,,,,,,,,,,,,,,,
,,,,,,,,,,,,,,,,,,,,,,,,,,
,,,,,,,,,,,,,,,,,,,,,,,,,,
,,,,,,,,,,,,,,,,,,,,,,,,,,
,,,,,,,,,,,,,,,,,,,,,,,,,,
,,,,,,,,,,,,,,,,,,,,,,,,,,
,,,,,,,,,,,,,,,,,,,,,,,,,,
,,,,,,,,,,,,,,,,,,,,,,,,,,
,,,,,,,,,,,,,,,,,,,,,,,,,,
,,,,,,,,,,,,,,,,,,,,,,,,,,
,,,,,,,,,,,,,,,,,,,,,,,,,,
,,,,,,,,,,,,,,,,,,,,,,,,,,
,,,,,,,,,,,,,,,,,,,,,,,,,,
,,,,,,,,,,,,,,,,,,,,,,,,,,
,,,,,,,,,,,,,,,,,,,,,,,,,,
,,,,,,,,,,,,,,,,,,,,,,,,,,
,,,,,,,,,,,,,,,,,,,,,,,,,,
,,,,,,,,,,,,,,,,,,,,,,,,,,
,,,,,,,,,,,,,,,,,,,,,,,,,,
,,,,,,,,,,,,,,,,,,,,,,,,,,
,,,,,,,,,,,,,,,,,,,,,,,,,,
,,,,,,,,,,,,,,,,,,,,,,,,,,
,,,,,,,,,,,,,,,,,,,,,,,,,,
,,,,,,,,,,,,,,,,,,,,,,,,,,
,,,,,,,,,,,,,,,,,,,,,,,,,,
,,,,,,,,,,,,,,,,,,,,,,,,,,
,,,,,,,,,,,,,,,,,,,,,,,,,,
,,,,,,,,,,,,,,,,,,,,,,,,,,
,,,,,,,,,,,,,,,,,,,,,,,,,,
,,,,,,,,,,,,,,,,,,,,,,,,,,
,,,,,,,,,,,,,,,,,,,,,,,,,,
,,,,,,,,,,,,,,,,,,,,,,,,,,
,,,,,,,,,,,,,,,,,,,,,,,,,,
,,,,,,,,,,,,,,,,,,,,,,,,,,
,,,,,,,,,,,,,,,,,,,,,,,,,,
,,,,,,,,,,,,,,,,,,,,,,,,,,
,,,,,,,,,,,,,,,,,,,,,,,,,,
,,,,,,,,,,,,,,,,,,,,,,,,,,
,,,,,,,,,,,,,,,,,,,,,,,,,,
,,,,,,,,,,,,,,,,,,,,,,,,,,
,,,,,,,,,,,,,,,,,,,,,,,,,,
,,,,,,,,,,,,,,,,,,,,,,,,,,
,,,,,,,,,,,,,,,,,,,,,,,,,,
,,,,,,,,,,,,,,,,,,,,,,,,,,
,,,,,,,,,,,,,,,,,,,,,,,,,,
,,,,,,,,,,,,,,,,,,,,,,,,,,
,,,,,,,,,,,,,,,,,,,,,,,,,,
,,,,,,,,,,,,,,,,,,,,,,,,,,
,,,,,,,,,,,,,,,,,,,,,,,,,,
,,,,,,,,,,,,,,,,,,,,,,,,,,
,,,,,,,,,,,,,,,,,,,,,,,,,,
,,,,,,,,,,,,,,,,,,,,,,,,,,
,,,,,,,,,,,,,,,,,,,,,,,,,,
,,,,,,,,,,,,,,,,,,,,,,,,,,
,,,,,,,,,,,,,,,,,,,,,,,,,,
,,,,,,,,,,,,,,,,,,,,,,,,,,
,,,,,,,,,,,,,,,,,,,,,,,,,,
,,,,,,,,,,,,,,,,,,,,,,,,,,
,,,,,,,,,,,,,,,,,,,,,,,,,,
,,,,,,,,,,,,,,,,,,,,,,,,,,
,,,,,,,,,,,,,,,,,,,,,,,,,,
,,,,,,,,,,,,,,,,,,,,,,,,,,
,,,,,,,,,,,,,,,,,,,,,,,,,,
,,,,,,,,,,,,,,,,,,,,,,,,,,
,,,,,,,,,,,,,,,,,,,,,,,,,,
,,,,,,,,,,,,,,,,,,,,,,,,,,
,,,,,,,,,,,,,,,,,,,,,,,,,,
,,,,,,,,,,,,,,,,,,,,,,,,,,
,,,,,,,,,,,,,,,,,,,,,,,,,,
,,,,,,,,,,,,,,,,,,,,,,,,,,
,,,,,,,,,,,,,,,,,,,,,,,,,,
,,,,,,,,,,,,,,,,,,,,,,,,,,
,,,,,,,,,,,,,,,,,,,,,,,,,,
,,,,,,,,,,,,,,,,,,,,,,,,,,
,,,,,,,,,,,,,,,,,,,,,,,,,,
,,,,,,,,,,,,,,,,,,,,,,,,,,
,,,,,,,,,,,,,,,,,,,,,,,,,,
,,,,,,,,,,,,,,,,,,,,,,,,,,
,,,,,,,,,,,,,,,,,,,,,,,,,,
,,,,,,,,,,,,,,,,,,,,,,,,,,
,,,,,,,,,,,,,,,,,,,,,,,,,,
,,,,,,,,,,,,,,,,,,,,,,,,,,
,,,,,,,,,,,,,,,,,,,,,,,,,,
,,,,,,,,,,,,,,,,,,,,,,,,,,
,,,,,,,,,,,,,,,,,,,,,,,,,,
,,,,,,,,,,,,,,,,,,,,,,,,,,
,,,,,,,,,,,,,,,,,,,,,,,,,,
,,,,,,,,,,,,,,,,,,,,,,,,,,
,,,,,,,,,,,,,,,,,,,,,,,,,,
,,,,,,,,,,,,,,,,,,,,,,,,,,
,,,,,,,,,,,,,,,,,,,,,,,,,,
,,,,,,,,,,,,,,,,,,,,,,,,,,
,,,,,,,,,,,,,,,,,,,,,,,,,,
,,,,,,,,,,,,,,,,,,,,,,,,,,
,,,,,,,,,,,,,,,,,,,,,,,,,,
,,,,,,,,,,,,,,,,,,,,,,,,,,
,,,,,,,,,,,,,,,,,,,,,,,,,,
,,,,,,,,,,,,,,,,,,,,,,,,,,
,,,,,,,,,,,,,,,,,,,,,,,,,,
,,,,,,,,,,,,,,,,,,,,,,,,,,
,,,,,,,,,,,,,,,,,,,,,,,,,,
,,,,,,,,,,,,,,,,,,,,,,,,,,
,,,,,,,,,,,,,,,,,,,,,,,,,,
,,,,,,,,,,,,,,,,,,,,,,,,,,
,,,,,,,,,,,,,,,,,,,,,,,,,,
,,,,,,,,,,,,,,,,,,,,,,,,,,
,,,,,,,,,,,,,,,,,,,,,,,,,,
,,,,,,,,,,,,,,,,,,,,,,,,,,
,,,,,,,,,,,,,,,,,,,,,,,,,,
,,,,,,,,,,,,,,,,,,,,,,,,,,
,,,,,,,,,,,,,,,,,,,,,,,,,,
,,,,,,,,,,,,,,,,,,,,,,,,,,
,,,,,,,,,,,,,,,,,,,,,,,,,,
,,,,,,,,,,,,,,,,,,,,,,,,,,
,,,,,,,,,,,,,,,,,,,,,,,,,,
,,,,,,,,,,,,,,,,,,,,,,,,,,
,,,,,,,,,,,,,,,,,,,,,,,,,,
,,,,,,,,,,,,,,,,,,,,,,,,,,
,,,,,,,,,,,,,,,,,,,,,,,,,,
,,,,,,,,,,,,,,,,,,,,,,,,,,
,,,,,,,,,,,,,,,,,,,,,,,,,,
,,,,,,,,,,,,,,,,,,,,,,,,,,
,,,,,,,,,,,,,,,,,,,,,,,,,,
,,,,,,,,,,,,,,,,,,,,,,,,,,
,,,,,,,,,,,,,,,,,,,,,,,,,,
,,,,,,,,,,,,,,,,,,,,,,,,,,
,,,,,,,,,,,,,,,,,,,,,,,,,,
,,,,,,,,,,,,,,,,,,,,,,,,,,
,,,,,,,,,,,,,,,,,,,,,,,,,,
,,,,,,,,,,,,,,,,,,,,,,,,,,
,,,,,,,,,,,,,,,,,,,,,,,,,,
,,,,,,,,,,,,,,,,,,,,,,,,,,
,,,,,,,,,,,,,,,,,,,,,,,,,,
,,,,,,,,,,,,,,,,,,,,,,,,,,
,,,,,,,,,,,,,,,,,,,,,,,,,,
,,,,,,,,,,,,,,,,,,,,,,,,,,
,,,,,,,,,,,,,,,,,,,,,,,,,,
,,,,,,,,,,,,,,,,,,,,,,,,,,
,,,,,,,,,,,,,,,,,,,,,,,,,,
,,,,,,,,,,,,,,,,,,,,,,,,,,
,,,,,,,,,,,,,,,,,,,,,,,,,,
,,,,,,,,,,,,,,,,,,,,,,,,,,
,,,,,,,,,,,,,,,,,,,,,,,,,,
,,,,,,,,,,,,,,,,,,,,,,,,,,
,,,,,,,,,,,,,,,,,,,,,,,,,,
,,,,,,,,,,,,,,,,,,,,,,,,,,
,,,,,,,,,,,,,,,,,,,,,,,,,,
,,,,,,,,,,,,,,,,,,,,,,,,,,
,,,,,,,,,,,,,,,,,,,,,,,,,,
,,,,,,,,,,,,,,,,,,,,,,,,,,
,,,,,,,,,,,,,,,,,,,,,,,,,,
,,,,,,,,,,,,,,,,,,,,,,,,,,
,,,,,,,,,,,,,,,,,,,,,,,,,,
,,,,,,,,,,,,,,,,,,,,,,,,,,
,,,,,,,,,,,,,,,,,,,,,,,,,,
,,,,,,,,,,,,,,,,,,,,,,,,,,
,,,,,,,,,,,,,,,,,,,,,,,,,,
,,,,,,,,,,,,,,,,,,,,,,,,,,
,,,,,,,,,,,,,,,,,,,,,,,,,,
,,,,,,,,,,,,,,,,,,,,,,,,,,
,,,,,,,,,,,,,,,,,,,,,,,,,,
,,,,,,,,,,,,,,,,,,,,,,,,,,
,,,,,,,,,,,,,,,,,,,,,,,,,,
,,,,,,,,,,,,,,,,,,,,,,,,,,
,,,,,,,,,,,,,,,,,,,,,,,,,,
,,,,,,,,,,,,,,,,,,,,,,,,,,
,,,,,,,,,,,,,,,,,,,,,,,,,,
,,,,,,,,,,,,,,,,,,,,,,,,,,
,,,,,,,,,,,,,,,,,,,,,,,,,,
,,,,,,,,,,,,,,,,,,,,,,,,,,
,,,,,,,,,,,,,,,,,,,,,,,,,,
,,,,,,,,,,,,,,,,,,,,,,,,,,
,,,,,,,,,,,,,,,,,,,,,,,,,,
,,,,,,,,,,,,,,,,,,,,,,,,,,
,,,,,,,,,,,,,,,,,,,,,,,,,,
,,,,,,,,,,,,,,,,,,,,,,,,,,
,,,,,,,,,,,,,,,,,,,,,,,,,,
,,,,,,,,,,,,,,,,,,,,,,,,,,
,,,,,,,,,,,,,,,,,,,,,,,,,,
,,,,,,,,,,,,,,,,,,,,,,,,,,
,,,,,,,,,,,,,,,,,,,,,,,,,,
,,,,,,,,,,,,,,,,,,,,,,,,,,
,,,,,,,,,,,,,,,,,,,,,,,,,,
,,,,,,,,,,,,,,,,,,,,,,,,,,
,,,,,,,,,,,,,,,,,,,,,,,,,,
,,,,,,,,,,,,,,,,,,,,,,,,,,
,,,,,,,,,,,,,,,,,,,,,,,,,,
,,,,,,,,,,,,,,,,,,,,,,,,,,
,,,,,,,,,,,,,,,,,,,,,,,,,,
,,,,,,,,,,,,,,,,,,,,,,,,,,
,,,,,,,,,,,,,,,,,,,,,,,,,,
,,,,,,,,,,,,,,,,,,,,,,,,,,
,,,,,,,,,,,,,,,,,,,,,,,,,,
,,,,,,,,,,,,,,,,,,,,,,,,,,
,,,,,,,,,,,,,,,,,,,,,,,,,,
,,,,,,,,,,,,,,,,,,,,,,,,,,
,,,,,,,,,,,,,,,,,,,,,,,,,,
,,,,,,,,,,,,,,,,,,,,,,,,,,
,,,,,,,,,,,,,,,,,,,,,,,,,,
,,,,,,,,,,,,,,,,,,,,,,,,,,
,,,,,,,,,,,,,,,,,,,,,,,,,,
,,,,,,,,,,,,,,,,,,,,,,,,,,
,,,,,,,,,,,,,,,,,,,,,,,,,,
,,,,,,,,,,,,,,,,,,,,,,,,,,
,,,,,,,,,,,,,,,,,,,,,,,,,,
,,,,,,,,,,,,,,,,,,,,,,,,,,
,,,,,,,,,,,,,,,,,,,,,,,,,,
,,,,,,,,,,,,,,,,,,,,,,,,,,
,,,,,,,,,,,,,,,,,,,,,,,,,,
,,,,,,,,,,,,,,,,,,,,,,,,,,
,,,,,,,,,,,,,,,,,,,,,,,,,,
,,,,,,,,,,,,,,,,,,,,,,,,,,
,,,,,,,,,,,,,,,,,,,,,,,,,,
,,,,,,,,,,,,,,,,,,,,,,,,,,
,,,,,,,,,,,,,,,,,,,,,,,,,,
,,,,,,,,,,,,,,,,,,,,,,,,,,
,,,,,,,,,,,,,,,,,,,,,,,,,,
,,,,,,,,,,,,,,,,,,,,,,,,,,
,,,,,,,,,,,,,,,,,,,,,,,,,,
,,,,,,,,,,,,,,,,,,,,,,,,,,
,,,,,,,,,,,,,,,,,,,,,,,,,,
,,,,,,,,,,,,,,,,,,,,,,,,,,
,,,,,,,,,,,,,,,,,,,,,,,,,,
,,,,,,,,,,,,,,,,,,,,,,,,,,
,,,,,,,,,,,,,,,,,,,,,,,,,,
,,,,,,,,,,,,,,,,,,,,,,,,,,
,,,,,,,,,,,,,,,,,,,,,,,,,,
,,,,,,,,,,,,,,,,,,,,,,,,,,
,,,,,,,,,,,,,,,,,,,,,,,,,,
,,,,,,,,,,,,,,,,,,,,,,,,,,
,,,,,,,,,,,,,,,,,,,,,,,,,,
,,,,,,,,,,,,,,,,,,,,,,,,,,
,,,,,,,,,,,,,,,,,,,,,,,,,,
,,,,,,,,,,,,,,,,,,,,,,,,,,
,,,,,,,,,,,,,,,,,,,,,,,,,,
,,,,,,,,,,,,,,,,,,,,,,,,,,
,,,,,,,,,,,,,,,,,,,,,,,,,,
,,,,,,,,,,,,,,,,,,,,,,,,,,
,,,,,,,,,,,,,,,,,,,,,,,,,,
,,,,,,,,,,,,,,,,,,,,,,,,,,
,,,,,,,,,,,,,,,,,,,,,,,,,,
,,,,,,,,,,,,,,,,,,,,,,,,,,
,,,,,,,,,,,,,,,,,,,,,,,,,,
,,,,,,,,,,,,,,,,,,,,,,,,,,
,,,,,,,,,,,,,,,,,,,,,,,,,,
,,,,,,,,,,,,,,,,,,,,,,,,,,
,,,,,,,,,,,,,,,,,,,,,,,,,,
,,,,,,,,,,,,,,,,,,,,,,,,,,
,,,,,,,,,,,,,,,,,,,,,,,,,,
,,,,,,,,,,,,,,,,,,,,,,,,,,
,,,,,,,,,,,,,,,,,,,,,,,,,,
,,,,,,,,,,,,,,,,,,,,,,,,,,
,,,,,,,,,,,,,,,,,,,,,,,,,,
,,,,,,,,,,,,,,,,,,,,,,,,,,
,,,,,,,,,,,,,,,,,,,,,,,,,,
,,,,,,,,,,,,,,,,,,,,,,,,,,
,,,,,,,,,,,,,,,,,,,,,,,,,,
,,,,,,,,,,,,,,,,,,,,,,,,,,
,,,,,,,,,,,,,,,,,,,,,,,,,,
,,,,,,,,,,,,,,,,,,,,,,,,,,
,,,,,,,,,,,,,,,,,,,,,,,,,,
,,,,,,,,,,,,,,,,,,,,,,,,,,
,,,,,,,,,,,,,,,,,,,,,,,,,,
,,,,,,,,,,,,,,,,,,,,,,,,,,
,,,,,,,,,,,,,,,,,,,,,,,,,,
,,,,,,,,,,,,,,,,,,,,,,,,,,
,,,,,,,,,,,,,,,,,,,,,,,,,,
,,,,,,,,,,,,,,,,,,,,,,,,,,
,,,,,,,,,,,,,,,,,,,,,,,,,,
,,,,,,,,,,,,,,,,,,,,,,,,,,
,,,,,,,,,,,,,,,,,,,,,,,,,,
,,,,,,,,,,,,,,,,,,,,,,,,,,
,,,,,,,,,,,,,,,,,,,,,,,,,,
,,,,,,,,,,,,,,,,,,,,,,,,,,
,,,,,,,,,,,,,,,,,,,,,,,,,,
,,,,,,,,,,,,,,,,,,,,,,,,,,
,,,,,,,,,,,,,,,,,,,,,,,,,,
,,,,,,,,,,,,,,,,,,,,,,,,,,
,,,,,,,,,,,,,,,,,,,,,,,,,,
,,,,,,,,,,,,,,,,,,,,,,,,,,
,,,,,,,,,,,,,,,,,,,,,,,,,,
,,,,,,,,,,,,,,,,,,,,,,,,,,
,,,,,,,,,,,,,,,,,,,,,,,,,,
,,,,,,,,,,,,,,,,,,,,,,,,,,
,,,,,,,,,,,,,,,,,,,,,,,,,,
,,,,,,,,,,,,,,,,,,,,,,,,,,
,,,,,,,,,,,,,,,,,,,,,,,,,,
,,,,,,,,,,,,,,,,,,,,,,,,,,
,,,,,,,,,,,,,,,,,,,,,,,,,,
,,,,,,,,,,,,,,,,,,,,,,,,,,
,,,,,,,,,,,,,,,,,,,,,,,,,,
,,,,,,,,,,,,,,,,,,,,,,,,,,
,,,,,,,,,,,,,,,,,,,,,,,,,,
,,,,,,,,,,,,,,,,,,,,,,,,,,
,,,,,,,,,,,,,,,,,,,,,,,,,,
,,,,,,,,,,,,,,,,,,,,,,,,,,
,,,,,,,,,,,,,,,,,,,,,,,,,,
,,,,,,,,,,,,,,,,,,,,,,,,,,
,,,,,,,,,,,,,,,,,,,,,,,,,,
,,,,,,,,,,,,,,,,,,,,,,,,,,
,,,,,,,,,,,,,,,,,,,,,,,,,,
,,,,,,,,,,,,,,,,,,,,,,,,,,
,,,,,,,,,,,,,,,,,,,,,,,,,,
,,,,,,,,,,,,,,,,,,,,,,,,,,
,,,,,,,,,,,,,,,,,,,,,,,,,,
,,,,,,,,,,,,,,,,,,,,,,,,,,
,,,,,,,,,,,,,,,,,,,,,,,,,,
,,,,,,,,,,,,,,,,,,,,,,,,,,
,,,,,,,,,,,,,,,,,,,,,,,,,,
,,,,,,,,,,,,,,,,,,,,,,,,,,
,,,,,,,,,,,,,,,,,,,,,,,,,,
,,,,,,,,,,,,,,,,,,,,,,,,,,
,,,,,,,,,,,,,,,,,,,,,,,,,,
,,,,,,,,,,,,,,,,,,,,,,,,,,
,,,,,,,,,,,,,,,,,,,,,,,,,,
,,,,,,,,,,,,,,,,,,,,,,,,,,
,,,,,,,,,,,,,,,,,,,,,,,,,,
,,,,,,,,,,,,,,,,,,,,,,,,,,
,,,,,,,,,,,,,,,,,,,,,,,,,,
,,,,,,,,,,,,,,,,,,,,,,,,,,
,,,,,,,,,,,,,,,,,,,,,,,,,,
,,,,,,,,,,,,,,,,,,,,,,,,,,
,,,,,,,,,,,,,,,,,,,,,,,,,,
,,,,,,,,,,,,,,,,,,,,,,,,,,
,,,,,,,,,,,,,,,,,,,,,,,,,,
,,,,,,,,,,,,,,,,,,,,,,,,,,
,,,,,,,,,,,,,,,,,,,,,,,,,,
,,,,,,,,,,,,,,,,,,,,,,,,,,
,,,,,,,,,,,,,,,,,,,,,,,,,,
,,,,,,,,,,,,,,,,,,,,,,,,,,
,,,,,,,,,,,,,,,,,,,,,,,,,,
,,,,,,,,,,,,,,,,,,,,,,,,,,
,,,,,,,,,,,,,,,,,,,,,,,,,,
,,,,,,,,,,,,,,,,,,,,,,,,,,
,,,,,,,,,,,,,,,,,,,,,,,,,,
,,,,,,,,,,,,,,,,,,,,,,,,,,
,,,,,,,,,,,,,,,,,,,,,,,,,,
,,,,,,,,,,,,,,,,,,,,,,,,,,
,,,,,,,,,,,,,,,,,,,,,,,,,,
,,,,,,,,,,,,,,,,,,,,,,,,,,
,,,,,,,,,,,,,,,,,,,,,,,,,,
,,,,,,,,,,,,,,,,,,,,,,,,,,
,,,,,,,,,,,,,,,,,,,,,,,,,,
,,,,,,,,,,,,,,,,,,,,,,,,,,
,,,,,,,,,,,,,,,,,,,,,,,,,,
,,,,,,,,,,,,,,,,,,,,,,,,,,
,,,,,,,,,,,,,,,,,,,,,,,,,,
,,,,,,,,,,,,,,,,,,,,,,,,,,
,,,,,,,,,,,,,,,,,,,,,,,,,,
,,,,,,,,,,,,,,,,,,,,,,,,,,
,,,,,,,,,,,,,,,,,,,,,,,,,,
,,,,,,,,,,,,,,,,,,,,,,,,,,
,,,,,,,,,,,,,,,,,,,,,,,,,,
,,,,,,,,,,,,,,,,,,,,,,,,,,
,,,,,,,,,,,,,,,,,,,,,,,,,,
,,,,,,,,,,,,,,,,,,,,,,,,,,
,,,,,,,,,,,,,,,,,,,,,,,,,,
,,,,,,,,,,,,,,,,,,,,,,,,,,
,,,,,,,,,,,,,,,,,,,,,,,,,,
,,,,,,,,,,,,,,,,,,,,,,,,,,
,,,,,,,,,,,,,,,,,,,,,,,,,,
,,,,,,,,,,,,,,,,,,,,,,,,,,
,,,,,,,,,,,,,,,,,,,,,,,,,,
,,,,,,,,,,,,,,,,,,,,,,,,,,
,,,,,,,,,,,,,,,,,,,,,,,,,,
,,,,,,,,,,,,,,,,,,,,,,,,,,
,,,,,,,,,,,,,,,,,,,,,,,,,,
,,,,,,,,,,,,,,,,,,,,,,,,,,
,,,,,,,,,,,,,,,,,,,,,,,,,,
,,,,,,,,,,,,,,,,,,,,,,,,,,
,,,,,,,,,,,,,,,,,,,,,,,,,,
,,,,,,,,,,,,,,,,,,,,,,,,,,
,,,,,,,,,,,,,,,,,,,,,,,,,,
,,,,,,,,,,,,,,,,,,,,,,,,,,
,,,,,,,,,,,,,,,,,,,,,,,,,,
,,,,,,,,,,,,,,,,,,,,,,,,,,
,,,,,,,,,,,,,,,,,,,,,,,,,,
,,,,,,,,,,,,,,,,,,,,,,,,,,
,,,,,,,,,,,,,,,,,,,,,,,,,,
,,,,,,,,,,,,,,,,,,,,,,,,,,
,,,,,,,,,,,,,,,,,,,,,,,,,,
,,,,,,,,,,,,,,,,,,,,,,,,,,
,,,,,,,,,,,,,,,,,,,,,,,,,,
,,,,,,,,,,,,,,,,,,,,,,,,,,
,,,,,,,,,,,,,,,,,,,,,,,,,,
,,,,,,,,,,,,,,,,,,,,,,,,,,
,,,,,,,,,,,,,,,,,,,,,,,,,,
,,,,,,,,,,,,,,,,,,,,,,,,,,
,,,,,,,,,,,,,,,,,,,,,,,,,,
,,,,,,,,,,,,,,,,,,,,,,,,,,
,,,,,,,,,,,,,,,,,,,,,,,,,,
,,,,,,,,,,,,,,,,,,,,,,,,,,
,,,,,,,,,,,,,,,,,,,,,,,,,,
,,,,,,,,,,,,,,,,,,,,,,,,,,
,,,,,,,,,,,,,,,,,,,,,,,,,,
,,,,,,,,,,,,,,,,,,,,,,,,,,
,,,,,,,,,,,,,,,,,,,,,,,,,,
,,,,,,,,,,,,,,,,,,,,,,,,,,
,,,,,,,,,,,,,,,,,,,,,,,,,,
,,,,,,,,,,,,,,,,,,,,,,,,,,
,,,,,,,,,,,,,,,,,,,,,,,,,,
,,,,,,,,,,,,,,,,,,,,,,,,,,
,,,,,,,,,,,,,,,,,,,,,,,,,,
,,,,,,,,,,,,,,,,,,,,,,,,,,
,,,,,,,,,,,,,,,,,,,,,,,,,,
,,,,,,,,,,,,,,,,,,,,,,,,,,
,,,,,,,,,,,,,,,,,,,,,,,,,,
,,,,,,,,,,,,,,,,,,,,,,,,,,
,,,,,,,,,,,,,,,,,,,,,,,,,,
,,,,,,,,,,,,,,,,,,,,,,,,,,
,,,,,,,,,,,,,,,,,,,,,,,,,,
,,,,,,,,,,,,,,,,,,,,,,,,,,
,,,,,,,,,,,,,,,,,,,,,,,,,,
,,,,,,,,,,,,,,,,,,,,,,,,,,
,,,,,,,,,,,,,,,,,,,,,,,,,,
,,,,,,,,,,,,,,,,,,,,,,,,,,
,,,,,,,,,,,,,,,,,,,,,,,,,,
,,,,,,,,,,,,,,,,,,,,,,,,,,
,,,,,,,,,,,,,,,,,,,,,,,,,,
,,,,,,,,,,,,,,,,,,,,,,,,,,
,,,,,,,,,,,,,,,,,,,,,,,,,,
,,,,,,,,,,,,,,,,,,,,,,,,,,
,,,,,,,,,,,,,,,,,,,,,,,,,,
,,,,,,,,,,,,,,,,,,,,,,,,,,
,,,,,,,,,,,,,,,,,,,,,,,,,,
,,,,,,,,,,,,,,,,,,,,,,,,,,
,,,,,,,,,,,,,,,,,,,,,,,,,,
,,,,,,,,,,,,,,,,,,,,,,,,,,
,,,,,,,,,,,,,,,,,,,,,,,,,,
